,Date,Open,High,Low,Close,Adj Close,Volume
0,"Mar 29, 2023","1,966.10","1,966.10","1,966.10","1,966.10","1,966.10",21
1,"Mar 28, 2023","1,972.40","1,972.40","1,972.40","1,972.40","1,972.40",21
2,"Mar 27, 2023","1,957.20","1,957.20","1,952.40","1,952.40","1,952.40",877
3,"Mar 24, 2023","1,991.70","1,995.40","1,982.10","1,982.10","1,982.10",19
4,"Mar 23, 2023","1,990.50","1,994.60","1,990.50","1,993.80","1,993.80",33
5,"Mar 22, 2023","1,946.80","1,974.00","1,946.80","1,946.80","1,946.80",50
6,"Mar 21, 2023","1,973.80","1,973.80","1,938.00","1,938.00","1,938.00",47
7,"Mar 20, 2023","1,988.30","2,003.90","1,968.90","1,979.20","1,979.20",389
8,"Mar 17, 2023","1,946.00","1,985.10","1,946.00","1,969.80","1,969.80",82
9,"Mar 16, 2023","1,909.90","1,931.70","1,909.90","1,919.00","1,919.00",394
10,"Mar 15, 2023","1,903.90","1,926.60","1,898.50","1,926.60","1,926.60",564
11,"Mar 14, 2023","1,912.20","1,912.20","1,901.10","1,906.20","1,906.20",107
12,"Mar 13, 2023","1,890.80","1,913.10","1,875.10","1,911.70","1,911.70",503
13,"Mar 10, 2023","1,852.30","1,868.50","1,852.00","1,862.00","1,862.00",248
14,"Mar 09, 2023","1,816.40","1,829.30","1,815.60","1,829.30","1,829.30",332
15,"Mar 08, 2023","1,811.60","1,812.90","1,811.50","1,812.70","1,812.70",75
16,"Mar 07, 2023","1,840.90","1,840.90","1,813.90","1,813.90","1,813.90",450
17,"Mar 06, 2023","1,853.30","1,853.80","1,844.20","1,847.90","1,847.90",5
18,"Mar 03, 2023","1,837.30","1,855.40","1,837.30","1,847.70","1,847.70",61
19,"Mar 02, 2023","1,830.00","1,836.30","1,830.00","1,833.50","1,833.50",154
20,"Mar 01, 2023","1,827.10","1,841.70","1,827.10","1,837.70","1,837.70",211
21,"Feb 28, 2023","1,808.10","1,830.00","1,808.10","1,828.90","1,828.90",618
22,"Feb 27, 2023","1,811.60","1,817.50","1,808.90","1,817.00","1,817.00",829
23,"Feb 24, 2023","1,808.80","1,808.80","1,808.80","1,808.80","1,808.80",404
24,"Feb 23, 2023","1,826.40","1,827.50","1,818.00","1,818.00","1,818.00",291
25,"Feb 22, 2023","1,835.70","1,836.20","1,825.10","1,832.00","1,832.00",278
26,"Feb 21, 2023","1,842.60","1,843.00","1,833.00","1,833.00","1,833.00",862
27,"Feb 17, 2023","1,827.40","1,842.20","1,818.40","1,840.40","1,840.40",35
28,"Feb 16, 2023","1,838.60","1,843.70","1,827.20","1,842.00","1,842.00",222
29,"Feb 15, 2023","1,842.00","1,842.00","1,828.20","1,834.20","1,834.20",368
30,"Feb 14, 2023","1,854.10","1,862.00","1,846.20","1,854.00","1,854.00",656
31,"Feb 13, 2023","1,859.00","1,861.00","1,850.00","1,851.90","1,851.90",569
32,"Feb 10, 2023","1,861.60","1,863.50","1,852.40","1,862.80","1,862.80",27
33,"Feb 09, 2023","1,875.30","1,884.60","1,859.80","1,866.20","1,866.20",223
34,"Feb 08, 2023","1,872.10","1,880.40","1,872.10","1,877.40","1,877.40",230
35,"Feb 07, 2023","1,870.00","1,875.70","1,868.00","1,871.70","1,871.70",297
36,"Feb 06, 2023","1,865.60","1,880.00","1,863.40","1,866.20","1,866.20",424
37,"Feb 03, 2023","1,912.40","1,917.00","1,861.50","1,862.90","1,862.90",992
38,"Feb 02, 2023","1,952.30","1,959.10","1,911.30","1,916.30","1,916.30",748
39,"Feb 01, 2023","1,927.20","1,955.00","1,922.00","1,927.80","1,927.80","2,290"
40,"Jan 31, 2023","1,923.00","1,930.40","1,900.60","1,929.50","1,929.50","1,910"
41,"Jan 30, 2023","1,928.30","1,933.60","1,920.30","1,922.90","1,922.90","27,220"
42,"Jan 27, 2023","1,928.60","1,928.60","1,928.60","1,928.60","1,928.60","150,902"
43,"Jan 26, 2023","1,936.60","1,937.10","1,927.10","1,929.10","1,929.10",131
44,"Jan 25, 2023","1,941.20","1,941.20","1,939.80","1,941.20","1,941.20",7
45,"Jan 24, 2023","1,931.80","1,936.80","1,931.80","1,933.90","1,933.90",201
46,"Jan 23, 2023","1,926.50","1,927.10","1,915.00","1,927.10","1,927.10",218
47,"Jan 20, 2023","1,922.10","1,928.50","1,921.40","1,926.40","1,926.40","1,346"
48,"Jan 19, 2023","1,922.10","1,931.80","1,922.10","1,922.10","1,922.10",371
49,"Jan 18, 2023","1,911.10","1,911.10","1,903.10","1,904.40","1,904.40","1,027"
50,"Jan 17, 2023","1,920.10","1,920.10","1,905.20","1,907.20","1,907.20",706
51,"Jan 16, 2023","1,920.10","1,920.10","1,912.40","1,912.40","1,912.40",512
52,"Jan 13, 2023","1,899.00","1,920.90","1,898.30","1,918.40","1,918.40",512
53,"Jan 12, 2023","1,877.20","1,897.40","1,877.20","1,895.50","1,895.50",59
54,"Jan 11, 2023","1,873.10","1,877.80","1,873.10","1,874.60","1,874.60","1,236"
55,"Jan 10, 2023","1,877.80","1,878.10","1,871.60","1,871.60","1,871.60",101
56,"Jan 09, 2023","1,867.00","1,880.00","1,867.00","1,872.70","1,872.70",62
57,"Jan 06, 2023","1,838.40","1,868.20","1,835.30","1,864.20","1,864.20",26
58,"Jan 05, 2023","1,855.20","1,855.20","1,834.80","1,834.80","1,834.80",24
59,"Jan 04, 2023","1,845.60","1,859.10","1,845.60","1,852.80","1,852.80",25
60,"Jan 03, 2023","1,836.20","1,839.70","1,836.20","1,839.70","1,839.70",29
61,"Jan 02, 2023",-,-,-,-,-,-
62,"Dec 30, 2022","1,817.00","1,822.30","1,816.80","1,819.70","1,819.70",95
63,"Dec 29, 2022","1,805.80","1,819.50","1,805.80","1,819.50","1,819.50",277
64,"Dec 28, 2022","1,803.20","1,807.90","1,803.10","1,807.90","1,807.90",434
65,"Dec 27, 2022","1,803.40","1,826.30","1,803.40","1,814.80","1,814.80",69
66,"Dec 26, 2022",-,-,-,-,-,-
67,"Dec 23, 2022","1,794.30","1,802.80","1,794.10","1,795.90","1,795.90",49
68,"Dec 22, 2022","1,818.10","1,818.10","1,785.00","1,787.00","1,787.00",411
69,"Dec 21, 2022","1,817.40","1,821.40","1,814.40","1,815.90","1,815.90",35
70,"Dec 20, 2022","1,786.50","1,821.40","1,786.50","1,815.90","1,815.90",51
71,"Dec 19, 2022","1,791.60","1,796.30","1,785.60","1,787.70","1,787.70",79
72,"Dec 16, 2022","1,777.90","1,791.40","1,777.90","1,790.00","1,790.00",206
73,"Dec 15, 2022","1,801.00","1,801.00","1,774.80","1,777.20","1,777.20",421
74,"Dec 14, 2022","1,810.80","1,812.80","1,797.90","1,807.50","1,807.50","1,074"
75,"Dec 13, 2022","1,780.70","1,819.80","1,780.50","1,813.90","1,813.90",205
76,"Dec 12, 2022","1,787.30","1,793.90","1,777.70","1,780.50","1,780.50",85
77,"Dec 09, 2022","1,794.90","1,804.30","1,791.10","1,798.10","1,798.10",125
78,"Dec 08, 2022","1,782.00","1,790.90","1,782.00","1,788.70","1,788.70",713
79,"Dec 07, 2022","1,769.30","1,790.30","1,769.30","1,785.50","1,785.50",422
80,"Dec 06, 2022","1,768.60","1,779.40","1,767.90","1,769.30","1,769.30",105
81,"Dec 05, 2022","1,795.70","1,808.00","1,764.30","1,767.40","1,767.40","1,713"
82,"Dec 02, 2022","1,802.00","1,802.30","1,779.40","1,795.90","1,795.90","1,725"
83,"Dec 01, 2022","1,768.70","1,803.70","1,768.70","1,801.10","1,801.10","1,053"
84,"Nov 30, 2022","1,748.10","1,769.40","1,745.10","1,746.00","1,746.00","3,339"
85,"Nov 29, 2022","1,739.50","1,758.20","1,737.90","1,748.40","1,748.40","19,416"
86,"Nov 28, 2022","1,741.30","1,741.30","1,740.10","1,740.10","1,740.10","132,767"
87,"Nov 25, 2022","1,753.00","1,757.90","1,749.20","1,753.30","1,753.30",216
88,"Nov 23, 2022","1,736.50","1,750.90","1,736.50","1,744.90","1,744.90",39
89,"Nov 22, 2022","1,741.70","1,741.70","1,738.30","1,738.30","1,738.30",15
90,"Nov 21, 2022","1,739.00","1,744.90","1,736.10","1,737.40","1,737.40",544
91,"Nov 18, 2022","1,763.30","1,763.30","1,747.60","1,751.90","1,751.90",414
92,"Nov 17, 2022","1,763.00","1,763.00","1,756.00","1,760.80","1,760.80",18
93,"Nov 16, 2022","1,776.60","1,778.90","1,773.00","1,773.00","1,773.00",303
94,"Nov 15, 2022","1,770.80","1,773.80","1,769.90","1,773.80","1,773.80",57
95,"Nov 14, 2022","1,762.00","1,773.60","1,761.60","1,773.60","1,773.60",358
96,"Nov 11, 2022","1,763.80","1,766.00","1,757.60","1,766.00","1,766.00",257
97,"Nov 10, 2022","1,708.20","1,750.30","1,708.20","1,750.30","1,750.30",325
98,"Nov 09, 2022","1,707.40","1,720.20","1,706.00","1,710.10","1,710.10",497
99,"Nov 08, 2022","1,703.20","1,712.10","1,703.20","1,712.10","1,712.10",23
100,"Nov 07, 2022","1,676.90","1,677.90","1,672.90","1,676.50","1,676.50",42
101,"Nov 04, 2022","1,630.20","1,674.50","1,629.00","1,672.50","1,672.50",159
102,"Nov 03, 2022","1,629.20","1,629.20","1,615.10","1,627.30","1,627.30","1,427"
103,"Nov 02, 2022","1,650.80","1,664.70","1,634.00","1,645.70","1,645.70",612
104,"Nov 01, 2022","1,630.80","1,653.70","1,630.80","1,645.00","1,645.00",985
105,"Oct 31, 2022","1,641.80","1,641.80","1,633.40","1,635.90","1,635.90",522
106,"Oct 28, 2022","1,661.00","1,661.00","1,638.70","1,639.60","1,639.60",626
107,"Oct 27, 2022","1,660.70","1,660.70","1,660.70","1,660.70","1,660.70","2,298"
108,"Oct 26, 2022","1,649.80","1,667.00","1,649.80","1,664.00","1,664.00",89
109,"Oct 25, 2022","1,648.20","1,652.80","1,637.30","1,652.80","1,652.80",880
110,"Oct 24, 2022","1,662.70","1,662.70","1,648.70","1,648.70","1,648.70",29
111,"Oct 21, 2022","1,634.10","1,653.90","1,634.10","1,651.00","1,651.00",224
112,"Oct 20, 2022","1,622.80","1,641.40","1,622.80","1,630.80","1,630.80",477
113,"Oct 19, 2022","1,637.50","1,637.50","1,627.50","1,627.50","1,627.50",84
114,"Oct 18, 2022","1,651.40","1,655.20","1,649.00","1,649.00","1,649.00",597
115,"Oct 17, 2022","1,650.20","1,657.00","1,646.80","1,657.00","1,657.00",238
116,"Oct 14, 2022","1,665.30","1,667.00","1,640.00","1,641.70","1,641.70",82
117,"Oct 13, 2022","1,675.20","1,675.30","1,641.50","1,670.00","1,670.00",729
118,"Oct 12, 2022","1,668.00","1,672.70","1,668.00","1,670.30","1,670.30",149
119,"Oct 11, 2022","1,661.80","1,678.70","1,661.00","1,678.70","1,678.70",167
120,"Oct 10, 2022","1,693.40","1,693.40","1,667.00","1,667.30","1,667.30",195
121,"Oct 07, 2022","1,710.10","1,710.10","1,693.70","1,700.50","1,700.50",179
122,"Oct 06, 2022","1,721.00","1,723.30","1,709.10","1,711.70","1,711.70",133
123,"Oct 05, 2022","1,724.10","1,726.60","1,703.00","1,711.40","1,711.40",418
124,"Oct 04, 2022","1,701.20","1,728.00","1,696.00","1,721.10","1,721.10",291
125,"Oct 03, 2022","1,667.20","1,700.00","1,661.90","1,692.90","1,692.90",410
126,"Sep 30, 2022","1,661.70","1,672.70","1,658.00","1,662.40","1,662.40",548
127,"Sep 29, 2022","1,657.00","1,662.60","1,640.00","1,658.50","1,658.50","6,028"
128,"Sep 28, 2022","1,620.40","1,660.40","1,620.40","1,660.40","1,660.40","18,311"
129,"Sep 27, 2022","1,632.20","1,636.60","1,626.70","1,626.70","1,626.70",888
130,"Sep 26, 2022","1,623.30","1,623.30","1,623.30","1,623.30","1,623.30","1,205"
131,"Sep 23, 2022","1,667.00","1,667.00","1,645.30","1,645.30","1,645.30","1,224"
132,"Sep 22, 2022","1,668.30","1,670.80","1,668.30","1,670.80","1,670.80",973
133,"Sep 21, 2022","1,665.50","1,680.10","1,664.60","1,664.60","1,664.60","2,337"
134,"Sep 20, 2022","1,659.70","1,659.70","1,659.70","1,659.70","1,659.70","2,830"
135,"Sep 19, 2022","1,661.80","1,669.40","1,658.50","1,666.20","1,666.20",580
136,"Sep 16, 2022","1,660.40","1,674.90","1,651.70","1,671.70","1,671.70",464
137,"Sep 15, 2022","1,685.50","1,686.00","1,662.30","1,665.40","1,665.40","1,125"
138,"Sep 14, 2022","1,698.70","1,701.80","1,696.50","1,696.50","1,696.50",532
139,"Sep 13, 2022","1,720.50","1,720.50","1,697.30","1,705.00","1,705.00",432
140,"Sep 12, 2022","1,727.40","1,728.10","1,727.40","1,728.10","1,728.10",68
141,"Sep 09, 2022","1,719.20","1,720.00","1,712.80","1,716.20","1,716.20",635
142,"Sep 08, 2022","1,718.20","1,718.20","1,705.30","1,708.00","1,708.00","1,193"
143,"Sep 07, 2022","1,694.80","1,715.30","1,694.70","1,715.30","1,715.30",651
144,"Sep 06, 2022","1,709.70","1,717.40","1,699.70","1,700.40","1,700.40",697
145,"Sep 05, 2022",-,-,-,-,-,-
146,"Sep 02, 2022","1,703.40","1,715.70","1,703.10","1,709.80","1,709.80",182
147,"Sep 01, 2022","1,707.90","1,707.90","1,693.90","1,696.60","1,696.60",683
148,"Aug 31, 2022","1,718.30","1,720.90","1,708.50","1,712.80","1,712.80","2,133"
149,"Aug 30, 2022","1,736.40","1,739.00","1,720.70","1,723.20","1,723.20",385
150,"Aug 29, 2022","1,732.40","1,741.20","1,732.10","1,736.60","1,736.60",950
151,"Aug 26, 2022","1,754.00","1,755.00","1,736.10","1,736.10","1,736.10",202
152,"Aug 25, 2022","1,761.60","1,761.80","1,755.00","1,757.70","1,757.70",172
153,"Aug 24, 2022","1,745.00","1,751.80","1,743.60","1,747.80","1,747.80",187
154,"Aug 23, 2022","1,738.00","1,748.90","1,731.90","1,746.80","1,746.80",509
155,"Aug 22, 2022","1,740.50","1,740.50","1,726.50","1,734.00","1,734.00",347
156,"Aug 19, 2022","1,753.70","1,754.30","1,747.50","1,747.60","1,747.60",49
157,"Aug 18, 2022","1,762.90","1,762.90","1,753.40","1,755.30","1,755.30",321
158,"Aug 17, 2022","1,769.70","1,769.70","1,760.00","1,760.30","1,760.30",23
159,"Aug 16, 2022","1,777.40","1,777.40","1,771.40","1,773.20","1,773.20",308
160,"Aug 15, 2022","1,799.00","1,799.00","1,774.70","1,781.40","1,781.40",64
161,"Aug 12, 2022","1,786.30","1,800.40","1,784.30","1,798.60","1,798.60",187
162,"Aug 11, 2022","1,794.30","1,794.30","1,785.70","1,789.70","1,789.70","1,235"
163,"Aug 10, 2022","1,804.40","1,804.90","1,787.80","1,795.60","1,795.60",601
164,"Aug 09, 2022","1,790.00","1,796.10","1,789.00","1,794.00","1,794.00",249
165,"Aug 08, 2022","1,771.80","1,786.80","1,771.80","1,786.80","1,786.80",127
166,"Aug 05, 2022","1,791.20","1,791.40","1,764.20","1,772.90","1,772.90",645
167,"Aug 04, 2022","1,769.40","1,792.10","1,767.70","1,788.50","1,788.50",285
168,"Aug 03, 2022","1,756.70","1,770.50","1,753.00","1,758.00","1,758.00",399
169,"Aug 02, 2022","1,772.10","1,786.60","1,759.40","1,771.10","1,771.10","1,078"
170,"Aug 01, 2022","1,763.90","1,772.50","1,756.10","1,769.00","1,769.00",705
171,"Jul 29, 2022","1,754.00","1,765.70","1,750.00","1,762.90","1,762.90","3,485"
172,"Jul 28, 2022","1,732.30","1,755.00","1,732.00","1,750.30","1,750.30","37,236"
173,"Jul 27, 2022","1,719.10","1,719.10","1,719.10","1,719.10","1,719.10","144,865"
174,"Jul 26, 2022","1,718.00","1,718.00","1,717.70","1,717.70","1,717.70",1
175,"Jul 25, 2022","1,727.00","1,732.00","1,719.00","1,719.00","1,719.00",67
176,"Jul 22, 2022","1,713.30","1,735.00","1,713.00","1,727.10","1,727.10",61
177,"Jul 21, 2022","1,687.00","1,715.50","1,679.80","1,712.70","1,712.70",183
178,"Jul 20, 2022","1,707.10","1,708.50","1,699.50","1,699.50","1,699.50",130
179,"Jul 19, 2022","1,712.30","1,714.40","1,706.10","1,710.00","1,710.00","1,684"
180,"Jul 18, 2022","1,712.20","1,712.40","1,709.20","1,709.20","1,709.20",264
181,"Jul 15, 2022","1,705.40","1,709.70","1,701.10","1,702.40","1,702.40",721
182,"Jul 14, 2022","1,710.30","1,710.50","1,704.50","1,704.50","1,704.50","1,289"
183,"Jul 13, 2022","1,710.00","1,734.20","1,710.00","1,734.20","1,734.20",368
184,"Jul 12, 2022","1,734.20","1,735.50","1,723.30","1,723.30","1,723.30",451
185,"Jul 11, 2022","1,732.50","1,736.70","1,730.00","1,730.00","1,730.00",75
186,"Jul 08, 2022","1,738.10","1,749.30","1,732.10","1,740.60","1,740.60",370
187,"Jul 07, 2022","1,745.20","1,745.20","1,737.00","1,737.90","1,737.90","1,869"
188,"Jul 06, 2022","1,762.50","1,768.00","1,734.00","1,734.90","1,734.90","1,729"
189,"Jul 05, 2022","1,805.40","1,805.40","1,761.80","1,761.80","1,761.80",64
190,"Jul 04, 2022",-,-,-,-,-,-
191,"Jul 01, 2022","1,795.50","1,806.10","1,791.60","1,798.90","1,798.90",77
192,"Jun 30, 2022","1,809.60","1,817.30","1,801.00","1,804.10","1,804.10",328
193,"Jun 29, 2022","1,818.30","1,830.30","1,812.80","1,813.70","1,813.70",173
194,"Jun 28, 2022","1,824.20","1,826.00","1,817.50","1,817.50","1,817.50",391
195,"Jun 27, 2022","1,830.50","1,830.70","1,819.90","1,820.90","1,820.90",77
196,"Jun 24, 2022","1,820.50","1,826.50","1,815.80","1,826.50","1,826.50",61
197,"Jun 23, 2022","1,835.50","1,841.20","1,825.70","1,825.70","1,825.70",9
198,"Jun 22, 2022","1,829.50","1,842.70","1,821.60","1,834.30","1,834.30",115
199,"Jun 21, 2022","1,835.30","1,838.60","1,830.10","1,834.60","1,834.60",216
200,"Jun 20, 2022",-,-,-,-,-,-
201,"Jun 17, 2022","1,853.70","1,853.70","1,833.60","1,835.60","1,835.60",170
202,"Jun 16, 2022","1,819.20","1,850.60","1,814.90","1,845.70","1,845.70",136
203,"Jun 15, 2022","1,814.10","1,839.00","1,810.80","1,815.30","1,815.30",108
204,"Jun 14, 2022","1,825.00","1,825.50","1,805.30","1,809.50","1,809.50",536
205,"Jun 13, 2022","1,873.80","1,873.80","1,818.70","1,828.00","1,828.00",127
206,"Jun 10, 2022","1,842.70","1,875.60","1,823.90","1,871.50","1,871.50","1,490"
207,"Jun 09, 2022","1,846.10","1,850.10","1,837.90","1,848.80","1,848.80",159
208,"Jun 08, 2022","1,844.80","1,855.00","1,844.40","1,851.90","1,851.90",218
209,"Jun 07, 2022","1,836.90","1,851.60","1,835.00","1,847.50","1,847.50","1,168"
210,"Jun 06, 2022","1,849.00","1,854.10","1,839.20","1,839.20","1,839.20",142
211,"Jun 03, 2022","1,867.60","1,871.80","1,845.40","1,845.40","1,845.40",53
212,"Jun 02, 2022","1,845.40","1,868.70","1,842.10","1,866.50","1,866.50",551
213,"Jun 01, 2022","1,831.00","1,847.90","1,825.30","1,843.30","1,843.30","1,623"
214,"May 31, 2022","1,850.30","1,862.10","1,832.80","1,842.70","1,842.70","4,073"
215,"May 30, 2022",-,-,-,-,-,-
216,"May 27, 2022","1,848.30","1,860.70","1,845.90","1,851.30","1,851.30","30,091"
217,"May 26, 2022","1,840.40","1,847.40","1,840.40","1,847.40","1,847.40","123,355"
218,"May 25, 2022","1,846.20","1,846.20","1,846.20","1,846.20","1,846.20",-
219,"May 24, 2022","1,852.50","1,867.00","1,852.50","1,865.10","1,865.10",33
220,"May 23, 2022","1,846.30","1,863.00","1,845.80","1,847.80","1,847.80",216
221,"May 20, 2022","1,839.10","1,841.80","1,836.30","1,841.80","1,841.80",110
222,"May 19, 2022","1,810.90","1,841.20","1,810.70","1,841.20","1,841.20",138
223,"May 18, 2022","1,815.00","1,819.70","1,805.00","1,815.90","1,815.90",311
224,"May 17, 2022","1,824.90","1,828.60","1,816.70","1,818.20","1,818.20",121
225,"May 16, 2022","1,790.50","1,813.50","1,787.00","1,813.50","1,813.50",34
226,"May 13, 2022","1,825.00","1,825.00","1,807.40","1,807.40","1,807.40",335
227,"May 12, 2022","1,849.80","1,851.90","1,822.20","1,823.80","1,823.80",153
228,"May 11, 2022","1,841.50","1,852.60","1,841.00","1,852.60","1,852.60",892
229,"May 10, 2022","1,839.90","1,839.90","1,839.90","1,839.90","1,839.90","1,540"
230,"May 09, 2022","1,866.60","1,867.50","1,854.00","1,857.10","1,857.10",304
231,"May 06, 2022","1,874.70","1,890.30","1,871.50","1,881.20","1,881.20",214
232,"May 05, 2022","1,897.00","1,904.30","1,874.00","1,874.00","1,874.00",80
233,"May 04, 2022","1,867.00","1,867.00","1,867.00","1,867.00","1,867.00",1
234,"May 03, 2022","1,868.80","1,868.80","1,868.80","1,868.80","1,868.80",466
235,"May 02, 2022","1,896.70","1,896.80","1,853.00","1,861.80","1,861.80",385
236,"Apr 29, 2022","1,902.70","1,918.20","1,902.40","1,909.30","1,909.30",132
237,"Apr 28, 2022","1,883.80","1,893.00","1,872.90","1,888.70","1,888.70",513
238,"Apr 27, 2022","1,897.80","1,900.60","1,882.20","1,885.90","1,885.90","1,786"
239,"Apr 26, 2022","1,900.50","1,909.10","1,894.00","1,901.40","1,901.40",302
240,"Apr 25, 2022","1,925.00","1,925.00","1,889.30","1,893.20","1,893.20",748
241,"Apr 22, 2022","1,949.60","1,950.40","1,930.20","1,931.00","1,931.00",178
242,"Apr 21, 2022","1,942.50","1,944.90","1,942.50","1,944.90","1,944.90",4
243,"Apr 20, 2022","1,945.50","1,953.60","1,945.50","1,952.30","1,952.30",621
244,"Apr 19, 2022","1,973.80","1,978.30","1,945.70","1,955.70","1,955.70",130
245,"Apr 18, 2022","1,973.40","1,997.10","1,972.80","1,982.90","1,982.90",196
246,"Apr 14, 2022","1,977.20","1,978.70","1,963.00","1,970.90","1,970.90",101
247,"Apr 13, 2022","1,969.50","1,981.00","1,969.50","1,981.00","1,981.00",204
248,"Apr 12, 2022","1,952.50","1,977.10","1,950.60","1,972.10","1,972.10",246
249,"Apr 11, 2022","1,946.60","1,968.40","1,941.80","1,944.30","1,944.30",163
250,"Apr 08, 2022","1,928.80","1,947.70","1,928.80","1,941.60","1,941.60",153
251,"Apr 07, 2022","1,919.50","1,934.80","1,919.50","1,933.80","1,933.80",311
252,"Apr 06, 2022","1,916.70","1,931.80","1,916.70","1,918.40","1,918.40",138
253,"Apr 05, 2022","1,927.10","1,943.50","1,918.40","1,922.90","1,922.90",412
254,"Apr 04, 2022","1,921.20","1,936.10","1,915.60","1,929.20","1,929.20",371
255,"Apr 01, 2022","1,935.00","1,938.00","1,917.00","1,919.10","1,919.10","1,016"
256,"Mar 31, 2022","1,933.50","1,949.90","1,919.10","1,949.20","1,949.20","3,617"
257,"Mar 30, 2022","1,918.40","1,937.00","1,914.50","1,933.50","1,933.50","17,765"
258,"Mar 29, 2022","1,893.50","1,912.00","1,893.50","1,912.00","1,912.00","128,051"
259,"Mar 28, 2022","1,932.60","1,939.60","1,932.60","1,939.60","1,939.60",7
260,"Mar 25, 2022","1,953.80","1,953.80","1,953.80","1,953.80","1,953.80",83
261,"Mar 24, 2022","1,963.60","1,964.00","1,961.60","1,961.60","1,961.60",8
262,"Mar 23, 2022","1,936.60","1,936.60","1,936.60","1,936.60","1,936.60",204
263,"Mar 22, 2022","1,920.70","1,920.70","1,920.70","1,920.70","1,920.70",26
264,"Mar 21, 2022","1,925.40","1,928.60","1,925.00","1,928.60","1,928.60",5
265,"Mar 18, 2022","1,934.50","1,939.30","1,928.20","1,928.20","1,928.20",28
266,"Mar 17, 2022","1,933.90","1,947.20","1,933.90","1,942.10","1,942.10",39
267,"Mar 16, 2022","1,922.40","1,922.40","1,907.20","1,908.00","1,908.00",104
268,"Mar 15, 2022","1,939.80","1,939.90","1,910.70","1,928.50","1,928.50",71
269,"Mar 14, 2022","1,976.50","1,977.70","1,959.60","1,959.60","1,959.60",145
270,"Mar 11, 2022","1,985.00","1,996.00","1,959.90","1,982.70","1,982.70",865
271,"Mar 10, 2022","1,978.10","2,010.50","1,978.10","1,998.10","1,998.10",670
272,"Mar 09, 2022","2,053.60","2,063.00","1,980.80","1,985.90","1,985.90","1,022"
273,"Mar 08, 2022","1,999.40","2,072.00","1,998.00","2,040.10","2,040.10","1,813"
274,"Mar 07, 2022","1,989.00","2,001.10","1,963.00","1,993.90","1,993.90","2,516"
275,"Mar 04, 2022","1,937.00","1,970.90","1,935.60","1,965.10","1,965.10",47
276,"Mar 03, 2022","1,930.50","1,940.30","1,924.80","1,934.40","1,934.40",122
277,"Mar 02, 2022","1,945.60","1,948.20","1,919.80","1,920.90","1,920.90",109
278,"Mar 01, 2022","1,908.30","1,942.40","1,903.80","1,942.40","1,942.40",547
279,"Feb 28, 2022","1,928.30","1,928.40","1,894.20","1,899.40","1,899.40",390
280,"Feb 25, 2022","1,906.90","1,920.00","1,883.60","1,886.50","1,886.50",586
281,"Feb 24, 2022","1,911.90","1,972.50","1,911.70","1,925.10","1,925.10","2,706"
282,"Feb 23, 2022","1,896.60","1,910.60","1,895.70","1,909.20","1,909.20",73
283,"Feb 22, 2022","1,908.10","1,912.00","1,890.80","1,906.10","1,906.10",173
284,"Feb 18, 2022","1,899.40","1,899.40","1,890.70","1,898.60","1,898.60",51
285,"Feb 17, 2022","1,876.30","1,900.70","1,876.20","1,900.70","1,900.70",393
286,"Feb 16, 2022","1,858.70","1,870.20","1,856.30","1,870.20","1,870.20",34
287,"Feb 15, 2022","1,872.60","1,879.70","1,847.40","1,854.80","1,854.80",86
288,"Feb 14, 2022","1,861.80","1,870.60","1,854.60","1,868.00","1,868.00",79
289,"Feb 11, 2022","1,822.00","1,864.80","1,822.00","1,840.80","1,840.80",181
290,"Feb 10, 2022","1,833.30","1,842.10","1,820.80","1,836.20","1,836.20",365
291,"Feb 09, 2022","1,825.40","1,835.20","1,825.30","1,835.20","1,835.20",683
292,"Feb 08, 2022","1,818.90","1,827.60","1,815.00","1,826.60","1,826.60",108
293,"Feb 07, 2022","1,812.20","1,821.30","1,809.10","1,820.60","1,820.60",601
294,"Feb 04, 2022","1,806.00","1,813.70","1,792.50","1,806.60","1,806.60",571
295,"Feb 03, 2022","1,805.80","1,808.10","1,787.90","1,803.00","1,803.00",466
296,"Feb 02, 2022","1,797.80","1,810.10","1,795.10","1,809.20","1,809.20","1,690"
297,"Feb 01, 2022","1,797.20","1,806.10","1,797.10","1,800.30","1,800.30",223
298,"Jan 31, 2022","1,788.50","1,798.50","1,785.10","1,795.00","1,795.00","1,735"
299,"Jan 28, 2022","1,797.50","1,798.40","1,778.80","1,784.90","1,784.90","28,521"
300,"Jan 27, 2022","1,793.30","1,793.30","1,793.30","1,793.30","1,793.30","196,036"
301,"Jan 26, 2022","1,829.90","1,829.90","1,829.90","1,829.90","1,829.90",55
302,"Jan 25, 2022","1,843.00","1,852.70","1,842.00","1,852.70","1,852.70",11
303,"Jan 24, 2022","1,837.90","1,842.10","1,837.90","1,841.70","1,841.70",8
304,"Jan 21, 2022","1,838.00","1,842.40","1,828.90","1,831.80","1,831.80",19
305,"Jan 20, 2022","1,840.60","1,843.00","1,838.20","1,842.50","1,842.50",20
306,"Jan 19, 2022","1,817.40","1,843.10","1,817.40","1,843.10","1,843.10",4
307,"Jan 18, 2022","1,816.80","1,820.10","1,812.30","1,812.30","1,812.30",900
308,"Jan 14, 2022","1,821.50","1,822.00","1,816.50","1,816.50","1,816.50",816
309,"Jan 13, 2022","1,819.80","1,823.00","1,815.40","1,821.20","1,821.20",40
310,"Jan 12, 2022","1,819.00","1,827.20","1,816.90","1,827.20","1,827.20","1,547"
311,"Jan 11, 2022","1,803.90","1,822.50","1,803.00","1,818.60","1,818.60",743
312,"Jan 10, 2022","1,794.90","1,798.70","1,790.40","1,798.40","1,798.40",534
313,"Jan 07, 2022","1,791.80","1,797.00","1,784.40","1,797.00","1,797.00",17
314,"Jan 06, 2022","1,787.10","1,791.30","1,787.10","1,788.70","1,788.70",30
315,"Jan 05, 2022","1,813.10","1,824.60","1,813.10","1,824.60","1,824.60",8
316,"Jan 04, 2022","1,800.50","1,815.30","1,800.00","1,814.00","1,814.00",38
317,"Jan 03, 2022","1,830.10","1,830.10","1,798.80","1,799.40","1,799.40",116
318,"Dec 31, 2021","1,825.10","1,827.80","1,821.40","1,827.50","1,827.50",80
319,"Dec 30, 2021","1,801.70","1,816.00","1,796.00","1,812.70","1,812.70",306
320,"Dec 29, 2021","1,803.20","1,805.10","1,791.40","1,805.10","1,805.10",623
321,"Dec 28, 2021","1,812.00","1,818.00","1,805.50","1,810.20","1,810.20",146
322,"Dec 27, 2021","1,810.00","1,812.10","1,807.00","1,808.10","1,808.10",150
323,"Dec 23, 2021","1,806.00","1,811.20","1,800.80","1,811.20","1,811.20",193
324,"Dec 22, 2021","1,786.00","1,805.20","1,785.50","1,801.60","1,801.60",567
325,"Dec 21, 2021","1,791.40","1,796.50","1,787.90","1,787.90","1,787.90",575
326,"Dec 20, 2021","1,796.80","1,799.80","1,792.00","1,793.70","1,793.70",226
327,"Dec 17, 2021","1,804.00","1,812.90","1,803.80","1,803.80","1,803.80",654
328,"Dec 16, 2021","1,781.00","1,798.10","1,781.00","1,796.60","1,796.60",21
329,"Dec 15, 2021","1,767.40","1,778.70","1,753.90","1,762.60","1,762.60",283
330,"Dec 14, 2021","1,787.00","1,787.00","1,769.00","1,770.40","1,770.40",322
331,"Dec 13, 2021","1,784.40","1,787.10","1,783.80","1,786.30","1,786.30",206
332,"Dec 10, 2021","1,773.80","1,785.40","1,769.10","1,782.90","1,782.90",545
333,"Dec 09, 2021","1,783.50","1,783.50","1,771.80","1,774.60","1,774.60",455
334,"Dec 08, 2021","1,789.90","1,789.90","1,779.00","1,783.40","1,783.40","1,383"
335,"Dec 07, 2021","1,779.50","1,786.10","1,772.30","1,782.60","1,782.60",308
336,"Dec 06, 2021","1,780.20","1,783.00","1,777.20","1,777.50","1,777.50",381
337,"Dec 03, 2021","1,767.50","1,785.10","1,766.50","1,782.00","1,782.00",694
338,"Dec 02, 2021","1,780.90","1,780.90","1,760.60","1,760.70","1,760.70","1,557"
339,"Dec 01, 2021","1,774.80","1,790.50","1,772.30","1,781.60","1,781.60","1,128"
340,"Nov 30, 2021","1,783.90","1,808.10","1,768.70","1,773.60","1,773.60","4,903"
341,"Nov 29, 2021","1,791.70","1,798.90","1,779.10","1,782.30","1,782.30","26,926"
342,"Nov 26, 2021","1,791.10","1,791.40","1,785.30","1,785.30","1,785.30","186,800"
343,"Nov 25, 2021","1,791.10","1,791.40","1,791.10","1,791.40","1,791.40",188
344,"Nov 24, 2021","1,793.00","1,793.00","1,781.40","1,784.10","1,784.10",188
345,"Nov 23, 2021","1,795.50","1,795.50","1,783.50","1,783.50","1,783.50",264
346,"Nov 22, 2021","1,841.60","1,841.60","1,805.70","1,806.00","1,806.00",14
347,"Nov 19, 2021","1,851.20","1,851.20","1,851.20","1,851.20","1,851.20",21
348,"Nov 18, 2021","1,861.00","1,861.00","1,861.00","1,861.00","1,861.00",9
349,"Nov 17, 2021","1,862.60","1,869.70","1,862.60","1,869.70","1,869.70",2
350,"Nov 16, 2021","1,853.60","1,853.60","1,853.60","1,853.60","1,853.60",1
351,"Nov 15, 2021","1,864.50","1,866.90","1,864.50","1,866.10","1,866.10",87
352,"Nov 12, 2021","1,860.80","1,867.90","1,847.60","1,867.90","1,867.90",210
353,"Nov 11, 2021","1,853.90","1,866.50","1,853.90","1,863.20","1,863.20",292
354,"Nov 10, 2021","1,825.80","1,865.00","1,824.90","1,847.60","1,847.60",795
355,"Nov 09, 2021","1,826.10","1,832.70","1,820.70","1,830.20","1,830.20",170
356,"Nov 08, 2021","1,817.00","1,827.40","1,816.90","1,827.40","1,827.40",261
357,"Nov 05, 2021","1,794.90","1,817.10","1,794.90","1,816.40","1,816.40",239
358,"Nov 04, 2021","1,776.60","1,798.20","1,776.20","1,793.00","1,793.00",103
359,"Nov 03, 2021","1,768.00","1,768.00","1,761.80","1,763.60","1,763.60",108
360,"Nov 02, 2021","1,790.50","1,795.50","1,787.70","1,788.70","1,788.70",213
361,"Nov 01, 2021","1,787.50","1,795.10","1,786.70","1,795.10","1,795.10",142
362,"Oct 29, 2021","1,793.10","1,797.00","1,774.60","1,783.00","1,783.00",583
363,"Oct 28, 2021","1,795.50","1,807.30","1,795.50","1,801.60","1,801.60",452
364,"Oct 27, 2021","1,791.50","1,798.10","1,791.50","1,797.90","1,797.90",543
365,"Oct 26, 2021","1,808.80","1,808.80","1,788.60","1,792.70","1,792.70",359
366,"Oct 25, 2021","1,794.30","1,809.00","1,794.00","1,806.00","1,806.00",140
367,"Oct 22, 2021","1,787.10","1,806.90","1,784.00","1,795.50","1,795.50",532
368,"Oct 21, 2021","1,782.00","1,785.70","1,781.00","1,781.20","1,781.20",146
369,"Oct 20, 2021","1,774.60","1,785.60","1,774.00","1,784.10","1,784.10",127
370,"Oct 19, 2021","1,777.60","1,785.00","1,767.50","1,769.70","1,769.70",51
371,"Oct 18, 2021","1,761.60","1,770.10","1,759.50","1,764.80","1,764.80",266
372,"Oct 15, 2021","1,794.50","1,795.40","1,766.60","1,767.20","1,767.20",874
373,"Oct 14, 2021","1,792.20","1,799.90","1,792.00","1,796.70","1,796.70",337
374,"Oct 13, 2021","1,760.80","1,794.50","1,760.80","1,793.70","1,793.70",150
375,"Oct 12, 2021","1,751.90","1,768.00","1,749.80","1,758.30","1,758.30",139
376,"Oct 11, 2021","1,756.60","1,757.80","1,752.20","1,754.60","1,754.60",128
377,"Oct 08, 2021","1,757.00","1,780.00","1,754.20","1,756.30","1,756.30",254
378,"Oct 07, 2021","1,762.40","1,762.40","1,752.80","1,757.90","1,757.90",336
379,"Oct 06, 2021","1,759.30","1,762.90","1,744.70","1,760.50","1,760.50",56
380,"Oct 05, 2021","1,764.30","1,764.30","1,749.00","1,759.60","1,759.60",98
381,"Oct 04, 2021","1,764.50","1,768.90","1,749.50","1,766.20","1,766.20",417
382,"Oct 01, 2021","1,754.30","1,762.60","1,748.50","1,757.00","1,757.00","2,220"
383,"Sep 30, 2021","1,725.50","1,760.30","1,724.50","1,755.30","1,755.30",997
384,"Sep 29, 2021","1,732.40","1,744.10","1,721.40","1,721.50","1,721.50","6,634"
385,"Sep 28, 2021","1,739.60","1,741.70","1,726.80","1,735.80","1,735.80","15,748"
386,"Sep 27, 2021","1,751.70","1,754.40","1,747.50","1,750.00","1,750.00",808
387,"Sep 24, 2021","1,749.70","1,749.70","1,745.00","1,749.70","1,749.70",76
388,"Sep 23, 2021","1,766.80","1,766.80","1,738.20","1,747.70","1,747.70",31
389,"Sep 22, 2021","1,776.70","1,784.30","1,767.00","1,776.70","1,776.70",17
390,"Sep 21, 2021","1,762.20","1,776.00","1,759.00","1,776.00","1,776.00",106
391,"Sep 20, 2021","1,751.80","1,761.80","1,750.90","1,761.80","1,761.80",185
392,"Sep 17, 2021","1,758.80","1,763.00","1,749.40","1,749.40","1,749.40",581
393,"Sep 16, 2021","1,792.90","1,792.90","1,743.90","1,754.60","1,754.60","1,645"
394,"Sep 15, 2021","1,803.70","1,803.70","1,792.40","1,792.40","1,792.40",59
395,"Sep 14, 2021","1,791.40","1,806.20","1,783.00","1,804.70","1,804.70",764
396,"Sep 13, 2021","1,789.80","1,796.00","1,784.00","1,792.00","1,792.00",533
397,"Sep 10, 2021","1,789.60","1,789.60","1,789.60","1,789.60","1,789.60",-
398,"Sep 09, 2021","1,798.70","1,798.70","1,787.90","1,797.40","1,797.40",49
399,"Sep 08, 2021","1,781.70","1,790.70","1,781.70","1,790.70","1,790.70",69
400,"Sep 07, 2021","1,825.70","1,825.70","1,792.70","1,795.90","1,795.90",48
401,"Sep 03, 2021","1,820.90","1,833.90","1,818.90","1,830.90","1,830.90",53
402,"Sep 02, 2021","1,813.20","1,813.90","1,806.80","1,808.70","1,808.70",26
403,"Sep 01, 2021","1,813.50","1,815.90","1,809.50","1,813.10","1,813.10",114
404,"Aug 31, 2021","1,815.90","1,815.90","1,801.10","1,815.00","1,815.00",82
405,"Aug 30, 2021","1,818.20","1,820.30","1,807.80","1,809.00","1,809.00",684
406,"Aug 27, 2021","1,803.40","1,816.60","1,803.10","1,816.60","1,816.60","1,219"
407,"Aug 26, 2021","1,787.40","1,792.20","1,781.00","1,792.20","1,792.20",61
408,"Aug 25, 2021","1,792.00","1,792.90","1,784.00","1,788.20","1,788.20",812
409,"Aug 24, 2021","1,801.00","1,805.60","1,801.00","1,805.60","1,805.60",22
410,"Aug 23, 2021","1,776.80","1,804.80","1,776.80","1,803.20","1,803.20",32
411,"Aug 20, 2021","1,784.10","1,787.50","1,778.20","1,781.00","1,781.00",235
412,"Aug 19, 2021","1,780.00","1,789.30","1,775.50","1,780.20","1,780.20",245
413,"Aug 18, 2021","1,787.80","1,791.50","1,779.00","1,781.60","1,781.60",263
414,"Aug 17, 2021","1,787.70","1,794.20","1,780.00","1,785.00","1,785.00",200
415,"Aug 16, 2021","1,776.90","1,787.80","1,771.90","1,786.90","1,786.90",219
416,"Aug 13, 2021","1,758.30","1,777.30","1,757.40","1,775.20","1,775.20",436
417,"Aug 12, 2021","1,749.70","1,752.40","1,745.50","1,749.00","1,749.00",739
418,"Aug 11, 2021","1,727.30","1,752.20","1,727.30","1,750.40","1,750.40",542
419,"Aug 10, 2021","1,728.60","1,735.20","1,720.10","1,728.80","1,728.80","1,363"
420,"Aug 09, 2021","1,753.50","1,753.80","1,692.60","1,723.40","1,723.40","1,621"
421,"Aug 06, 2021","1,799.80","1,800.10","1,758.40","1,760.00","1,760.00",859
422,"Aug 05, 2021","1,810.80","1,813.70","1,796.00","1,805.10","1,805.10",588
423,"Aug 04, 2021","1,809.30","1,831.30","1,806.30","1,810.50","1,810.50","2,860"
424,"Aug 03, 2021","1,812.30","1,813.50","1,806.00","1,810.10","1,810.10","3,341"
425,"Aug 02, 2021","1,812.40","1,818.70","1,804.80","1,818.10","1,818.10","1,334"
426,"Jul 30, 2021","1,828.00","1,830.50","1,808.90","1,812.60","1,812.60","3,100"
427,"Jul 29, 2021","1,806.60","1,832.60","1,806.10","1,831.20","1,831.20","30,496"
428,"Jul 28, 2021","1,799.50","1,799.50","1,799.50","1,799.50","1,799.50","209,783"
429,"Jul 27, 2021","1,803.70","1,803.70","1,799.50","1,799.50","1,799.50",1
430,"Jul 26, 2021","1,802.50","1,802.50","1,797.20","1,798.70","1,798.70",17
431,"Jul 23, 2021","1,800.00","1,801.40","1,800.00","1,801.40","1,801.40",1
432,"Jul 22, 2021","1,793.60","1,805.00","1,793.60","1,805.00","1,805.00",2
433,"Jul 21, 2021","1,807.00","1,807.00","1,800.00","1,802.90","1,802.90",135
434,"Jul 20, 2021","1,812.90","1,824.00","1,810.90","1,810.90","1,810.90",128
435,"Jul 19, 2021","1,803.30","1,813.40","1,803.30","1,808.70","1,808.70",33
436,"Jul 16, 2021","1,830.10","1,831.40","1,814.50","1,814.50","1,814.50",78
437,"Jul 15, 2021","1,831.60","1,833.00","1,823.40","1,828.40","1,828.40",99
438,"Jul 14, 2021","1,813.10","1,829.00","1,813.10","1,824.30","1,824.30",707
439,"Jul 13, 2021","1,808.10","1,812.00","1,800.60","1,809.40","1,809.40",78
440,"Jul 12, 2021","1,802.60","1,805.50","1,799.50","1,805.50","1,805.50",147
441,"Jul 09, 2021","1,803.60","1,810.10","1,798.80","1,810.00","1,810.00",218
442,"Jul 08, 2021","1,797.00","1,818.50","1,797.00","1,799.60","1,799.60",148
443,"Jul 07, 2021","1,798.70","1,808.40","1,797.20","1,801.50","1,801.50",244
444,"Jul 06, 2021","1,786.70","1,809.80","1,786.70","1,793.50","1,793.50",332
445,"Jul 02, 2021","1,778.70","1,787.90","1,778.30","1,782.60","1,782.60",23
446,"Jul 01, 2021","1,775.70","1,781.20","1,768.80","1,775.90","1,775.90",44
447,"Jun 30, 2021","1,761.10","1,770.80","1,759.20","1,770.80","1,770.80",51
448,"Jun 29, 2021","1,776.80","1,777.10","1,752.10","1,762.80","1,762.80",419
449,"Jun 28, 2021","1,779.60","1,779.60","1,779.60","1,779.60","1,779.60",888
450,"Jun 25, 2021","1,777.70","1,788.00","1,775.20","1,776.60","1,776.60",35
451,"Jun 24, 2021","1,778.90","1,786.40","1,775.60","1,775.60","1,775.60",78
452,"Jun 23, 2021","1,780.70","1,793.20","1,780.60","1,782.30","1,782.30",136
453,"Jun 22, 2021","1,783.40","1,786.90","1,775.90","1,776.30","1,776.30",101
454,"Jun 21, 2021","1,768.80","1,785.20","1,766.80","1,781.80","1,781.80",38
455,"Jun 18, 2021","1,775.70","1,792.40","1,767.90","1,767.90","1,767.90",354
456,"Jun 17, 2021","1,811.80","1,823.30","1,769.60","1,773.80","1,773.80","1,135"
457,"Jun 16, 2021","1,859.40","1,860.10","1,809.20","1,859.50","1,859.50",117
458,"Jun 15, 2021","1,866.40","1,867.20","1,854.40","1,854.50","1,854.50",78
459,"Jun 14, 2021","1,866.20","1,866.60","1,846.50","1,864.00","1,864.00",41
460,"Jun 11, 2021","1,900.90","1,902.30","1,875.20","1,877.40","1,877.40",349
461,"Jun 10, 2021","1,887.70","1,899.80","1,871.50","1,894.20","1,894.20",186
462,"Jun 09, 2021","1,894.90","1,897.70","1,889.20","1,893.20","1,893.20",148
463,"Jun 08, 2021","1,896.50","1,902.90","1,890.00","1,892.20","1,892.20",930
464,"Jun 07, 2021","1,890.50","1,899.70","1,883.20","1,896.80","1,896.80",87
465,"Jun 04, 2021","1,869.30","1,895.50","1,854.00","1,889.80","1,889.80",367
466,"Jun 03, 2021","1,908.80","1,908.80","1,865.00","1,871.20","1,871.20","1,021"
467,"Jun 02, 2021","1,899.20","1,908.80","1,896.00","1,907.50","1,907.50","1,267"
468,"Jun 01, 2021","1,905.10","1,916.20","1,892.80","1,902.90","1,902.90",640
469,"May 28, 2021","1,897.50","1,905.40","1,881.90","1,902.50","1,902.50","2,415"
470,"May 27, 2021","1,896.80","1,903.90","1,888.20","1,895.70","1,895.70","35,794"
471,"May 26, 2021","1,901.30","1,901.30","1,901.30","1,901.30","1,901.30","170,526"
472,"May 25, 2021","1,882.50","1,898.10","1,882.50","1,898.10","1,898.10",56
473,"May 24, 2021","1,882.10","1,884.60","1,882.10","1,884.60","1,884.60",39
474,"May 21, 2021","1,872.10","1,876.70","1,872.10","1,876.70","1,876.70",5
475,"May 20, 2021","1,865.50","1,885.00","1,864.80","1,881.80","1,881.80",85
476,"May 19, 2021","1,866.40","1,884.90","1,863.60","1,881.30","1,881.30",348
477,"May 18, 2021","1,870.50","1,870.50","1,867.80","1,867.80","1,867.80",3
478,"May 17, 2021","1,849.90","1,867.50","1,847.20","1,867.50","1,867.50",13
479,"May 14, 2021","1,824.50","1,842.90","1,824.50","1,837.90","1,837.90",41
480,"May 13, 2021","1,814.70","1,826.80","1,814.10","1,823.80","1,823.80",100
481,"May 12, 2021","1,825.20","1,825.20","1,821.70","1,822.60","1,822.60",3
482,"May 11, 2021","1,837.20","1,838.10","1,831.60","1,835.90","1,835.90",420
483,"May 10, 2021","1,835.60","1,845.60","1,835.40","1,837.50","1,837.50",13
484,"May 07, 2021","1,842.90","1,842.90","1,831.10","1,831.10","1,831.10",2
485,"May 06, 2021","1,788.90","1,815.50","1,787.60","1,815.50","1,815.50",13
486,"May 05, 2021","1,781.50","1,784.10","1,779.20","1,784.10","1,784.10",57
487,"May 04, 2021","1,788.20","1,788.50","1,774.80","1,775.80","1,775.80",182
488,"May 03, 2021","1,788.50","1,793.00","1,788.50","1,791.40","1,791.40",18
489,"Apr 30, 2021","1,771.80","1,771.80","1,763.90","1,767.30","1,767.30",18
490,"Apr 29, 2021","1,781.00","1,789.00","1,758.60","1,768.10","1,768.10",196
491,"Apr 28, 2021","1,768.20","1,774.00","1,764.60","1,773.20","1,773.20",756
492,"Apr 27, 2021","1,780.00","1,782.00","1,777.70","1,778.00","1,778.00",117
493,"Apr 26, 2021","1,778.00","1,779.70","1,770.80","1,779.20","1,779.20",549
494,"Apr 23, 2021","1,786.10","1,794.50","1,772.00","1,777.00","1,777.00",332
495,"Apr 22, 2021","1,794.20","1,794.20","1,779.50","1,781.20","1,781.20",159
496,"Apr 21, 2021","1,783.00","1,794.10","1,777.70","1,792.30","1,792.30",250
497,"Apr 20, 2021","1,769.30","1,777.30","1,765.50","1,777.30","1,777.30","1,464"
498,"Apr 19, 2021","1,782.10","1,788.50","1,769.40","1,769.40","1,769.40",144
499,"Apr 16, 2021","1,770.40","1,779.50","1,770.10","1,779.00","1,779.00",625
500,"Apr 15, 2021","1,740.10","1,767.90","1,740.10","1,765.40","1,765.40",368
501,"Apr 14, 2021","1,741.30","1,745.90","1,732.70","1,734.90","1,734.90","1,037"
502,"Apr 13, 2021","1,733.80","1,746.90","1,722.10","1,746.20","1,746.20",367
503,"Apr 12, 2021","1,740.80","1,740.80","1,726.70","1,731.20","1,731.20",40
504,"Apr 09, 2021","1,750.80","1,750.80","1,733.30","1,743.30","1,743.30",484
505,"Apr 08, 2021","1,736.00","1,758.00","1,734.60","1,756.80","1,756.80","1,298"
506,"Apr 07, 2021","1,742.70","1,742.70","1,733.70","1,740.10","1,740.10",557
507,"Apr 06, 2021","1,726.90","1,744.80","1,726.90","1,741.50","1,741.50",890
508,"Apr 05, 2021","1,727.90","1,729.70","1,721.90","1,727.00","1,727.00",275
509,"Apr 01, 2021","1,706.80","1,728.80","1,706.40","1,726.50","1,726.50",720
510,"Mar 31, 2021","1,683.70","1,713.80","1,676.50","1,713.80","1,713.80",762
511,"Mar 30, 2021","1,711.00","1,712.60","1,676.50","1,683.90","1,683.90","25,316"
512,"Mar 29, 2021","1,712.10","1,712.10","1,712.10","1,712.10","1,712.10","135,457"
513,"Mar 26, 2021","1,721.30","1,732.20","1,721.30","1,732.20","1,732.20",33
514,"Mar 25, 2021","1,732.70","1,733.20","1,724.50","1,724.90","1,724.90",15
515,"Mar 24, 2021","1,727.50","1,732.90","1,727.50","1,732.90","1,732.90",26
516,"Mar 23, 2021","1,724.70","1,724.70","1,724.70","1,724.70","1,724.70",6
517,"Mar 22, 2021","1,737.80","1,737.80","1,737.80","1,737.80","1,737.80",51
518,"Mar 19, 2021","1,742.20","1,742.20","1,733.60","1,741.40","1,741.40",13
519,"Mar 18, 2021","1,745.80","1,750.30","1,721.80","1,732.20","1,732.20",138
520,"Mar 17, 2021","1,735.30","1,750.10","1,725.60","1,726.80","1,726.80",488
521,"Mar 16, 2021","1,732.30","1,733.90","1,726.00","1,730.60","1,730.60",729
522,"Mar 15, 2021","1,729.50","1,731.90","1,722.80","1,728.90","1,728.90",147
523,"Mar 12, 2021","1,715.90","1,722.50","1,699.00","1,719.50","1,719.50",80
524,"Mar 11, 2021","1,725.60","1,737.50","1,720.20","1,722.30","1,722.30",18
525,"Mar 10, 2021","1,713.60","1,722.90","1,711.00","1,721.50","1,721.50",412
526,"Mar 09, 2021","1,686.20","1,717.50","1,685.20","1,716.60","1,716.60",335
527,"Mar 08, 2021","1,704.70","1,705.40","1,673.70","1,677.70","1,677.70","1,290"
528,"Mar 05, 2021","1,690.60","1,701.00","1,685.00","1,698.00","1,698.00",302
529,"Mar 04, 2021","1,706.50","1,717.40","1,700.20","1,700.20","1,700.20",521
530,"Mar 03, 2021","1,730.00","1,732.40","1,703.50","1,715.30","1,715.30",501
531,"Mar 02, 2021","1,709.40","1,733.10","1,708.70","1,733.10","1,733.10",867
532,"Mar 01, 2021","1,737.10","1,747.00","1,720.30","1,722.50","1,722.50",407
533,"Feb 26, 2021","1,768.10","1,768.20","1,718.80","1,728.10","1,728.10","1,593"
534,"Feb 25, 2021","1,801.50","1,802.00","1,766.70","1,774.40","1,774.40","1,049"
535,"Feb 24, 2021","1,805.80","1,805.80","1,796.40","1,796.40","1,796.40","1,500"
536,"Feb 23, 2021","1,809.60","1,811.30","1,796.40","1,804.40","1,804.40",569
537,"Feb 22, 2021","1,784.00","1,807.80","1,784.00","1,806.70","1,806.70",165
538,"Feb 19, 2021","1,764.30","1,787.60","1,764.30","1,775.80","1,775.80",118
539,"Feb 18, 2021","1,776.10","1,784.60","1,766.00","1,773.40","1,773.40",587
540,"Feb 17, 2021","1,785.80","1,789.70","1,768.80","1,771.10","1,771.10",614
541,"Feb 16, 2021","1,820.90","1,823.40","1,787.30","1,797.20","1,797.20","1,141"
542,"Feb 12, 2021","1,825.00","1,827.50","1,809.20","1,821.60","1,821.60",259
543,"Feb 11, 2021","1,840.50","1,845.00","1,820.90","1,824.90","1,824.90",602
544,"Feb 10, 2021","1,842.60","1,851.10","1,837.00","1,840.60","1,840.60",543
545,"Feb 09, 2021","1,841.90","1,843.30","1,830.70","1,835.30","1,835.30",184
546,"Feb 08, 2021","1,816.30","1,836.70","1,809.00","1,831.90","1,831.90",254
547,"Feb 05, 2021","1,794.30","1,813.50","1,790.90","1,810.90","1,810.90","1,278"
548,"Feb 04, 2021","1,832.20","1,832.20","1,782.80","1,788.90","1,788.90","2,375"
549,"Feb 03, 2021","1,834.80","1,842.40","1,829.80","1,832.20","1,832.20","1,195"
550,"Feb 02, 2021","1,859.60","1,861.30","1,827.60","1,830.50","1,830.50","1,293"
551,"Feb 01, 2021","1,866.60","1,871.90","1,850.00","1,860.80","1,860.80","1,494"
552,"Jan 29, 2021","1,842.00","1,876.00","1,838.70","1,847.30","1,847.30","1,634"
553,"Jan 28, 2021","1,843.40","1,862.90","1,831.50","1,837.90","1,837.90","27,283"
554,"Jan 27, 2021","1,844.90","1,844.90","1,844.90","1,844.90","1,844.90","195,540"
555,"Jan 26, 2021","1,855.80","1,855.80","1,850.70","1,850.70","1,850.70",59
556,"Jan 25, 2021","1,864.70","1,864.70","1,851.80","1,854.90","1,854.90",26
557,"Jan 22, 2021","1,854.90","1,855.70","1,852.70","1,855.70","1,855.70",8
558,"Jan 21, 2021","1,865.30","1,868.00","1,865.30","1,865.30","1,865.30",6
559,"Jan 20, 2021","1,847.80","1,866.60","1,844.40","1,865.90","1,865.90",16
560,"Jan 19, 2021","1,802.00","1,842.90","1,802.00","1,839.50","1,839.50",13
561,"Jan 15, 2021","1,829.40","1,829.40","1,825.00","1,829.30","1,829.30",31
562,"Jan 14, 2021","1,836.70","1,850.70","1,836.70","1,850.30","1,850.30",149
563,"Jan 13, 2021","1,858.00","1,858.60","1,853.60","1,853.60","1,853.60",189
564,"Jan 12, 2021","1,849.00","1,859.70","1,839.40","1,842.90","1,842.90",176
565,"Jan 11, 2021","1,826.50","1,849.60","1,826.50","1,849.60","1,849.60",20
566,"Jan 08, 2021","1,908.00","1,908.00","1,834.10","1,834.10","1,834.10",60
567,"Jan 07, 2021","1,922.60","1,926.70","1,912.00","1,912.30","1,912.30",122
568,"Jan 06, 2021","1,952.00","1,959.90","1,901.50","1,906.90","1,906.90",331
569,"Jan 05, 2021","1,941.70","1,952.70","1,941.30","1,952.70","1,952.70",113
570,"Jan 04, 2021","1,912.20","1,945.10","1,912.20","1,944.70","1,944.70",154
571,"Dec 31, 2020","1,897.00","1,901.30","1,892.70","1,893.10","1,893.10",127
572,"Dec 30, 2020","1,879.90","1,895.80","1,877.30","1,891.00","1,891.00",444
573,"Dec 29, 2020","1,881.30","1,881.30","1,879.70","1,879.70","1,879.70",343
574,"Dec 28, 2020","1,895.50","1,895.80","1,873.70","1,877.20","1,877.20",75
575,"Dec 24, 2020","1,877.30","1,879.90","1,875.70","1,879.90","1,879.90",46
576,"Dec 23, 2020","1,867.00","1,878.80","1,864.50","1,874.70","1,874.70",82
577,"Dec 22, 2020","1,882.20","1,882.20","1,861.00","1,866.60","1,866.60",233
578,"Dec 21, 2020","1,884.80","1,908.00","1,869.10","1,879.20","1,879.20",136
579,"Dec 18, 2020","1,882.40","1,889.50","1,882.30","1,885.70","1,885.70",276
580,"Dec 17, 2020","1,874.20","1,896.20","1,874.20","1,887.20","1,887.20",414
581,"Dec 16, 2020","1,856.50","1,864.70","1,850.50","1,856.10","1,856.10","1,090"
582,"Dec 15, 2020","1,833.50","1,853.60","1,833.20","1,852.30","1,852.30",961
583,"Dec 14, 2020","1,835.50","1,835.70","1,822.70","1,828.70","1,828.70",258
584,"Dec 11, 2020","1,838.50","1,846.00","1,829.10","1,839.80","1,839.80",109
585,"Dec 10, 2020","1,833.20","1,849.10","1,828.00","1,833.60","1,833.60",177
586,"Dec 09, 2020","1,867.10","1,867.10","1,827.00","1,834.60","1,834.60",215
587,"Dec 08, 2020","1,863.00","1,875.80","1,861.80","1,870.80","1,870.80",121
588,"Dec 07, 2020","1,836.50","1,866.90","1,820.80","1,861.80","1,861.80","1,427"
589,"Dec 04, 2020","1,840.70","1,847.60","1,828.20","1,835.90","1,835.90","1,213"
590,"Dec 03, 2020","1,829.20","1,842.00","1,825.30","1,836.80","1,836.80","1,765"
591,"Dec 02, 2020","1,811.30","1,830.00","1,807.80","1,825.70","1,825.70",771
592,"Dec 01, 2020","1,775.00","1,815.90","1,774.90","1,814.10","1,814.10","1,859"
593,"Nov 30, 2020","1,785.00","1,787.20","1,762.30","1,775.70","1,775.70","3,145"
594,"Nov 27, 2020","1,806.10","1,817.00","1,770.70","1,781.90","1,781.90","71,804"
595,"Nov 25, 2020","1,801.40","1,805.70","1,801.40","1,805.70","1,805.70","205,754"
596,"Nov 24, 2020","1,829.30","1,829.30","1,799.30","1,804.80","1,804.80","1,041"
597,"Nov 23, 2020","1,834.80","1,837.80","1,829.20","1,837.80","1,837.80",843
598,"Nov 20, 2020","1,871.20","1,872.60","1,871.20","1,872.60","1,872.60","1,900"
599,"Nov 19, 2020","1,865.80","1,865.80","1,856.00","1,861.10","1,861.10",59
600,"Nov 18, 2020","1,873.50","1,873.50","1,873.50","1,873.50","1,873.50",152
601,"Nov 17, 2020","1,888.40","1,888.40","1,884.50","1,884.50","1,884.50",59
602,"Nov 16, 2020","1,874.60","1,887.30","1,871.00","1,887.30","1,887.30",6
603,"Nov 13, 2020","1,877.00","1,890.10","1,876.80","1,885.70","1,885.70",240
604,"Nov 12, 2020","1,869.00","1,878.50","1,866.60","1,872.60","1,872.60",220
605,"Nov 11, 2020","1,878.80","1,878.80","1,855.50","1,860.70","1,860.70",222
606,"Nov 10, 2020","1,879.30","1,885.30","1,871.20","1,875.40","1,875.40",276
607,"Nov 09, 2020","1,955.60","1,963.20","1,847.10","1,853.20","1,853.20",745
608,"Nov 06, 2020","1,940.80","1,958.80","1,940.80","1,950.30","1,950.30",304
609,"Nov 05, 2020","1,901.70","1,948.00","1,901.70","1,945.30","1,945.30",135
610,"Nov 04, 2020","1,893.80","1,907.00","1,885.30","1,894.60","1,894.60",782
611,"Nov 03, 2020","1,891.50","1,908.50","1,891.50","1,908.50","1,908.50",712
612,"Nov 02, 2020","1,872.90","1,894.70","1,872.90","1,890.40","1,890.40",190
613,"Oct 30, 2020","1,862.80","1,886.60","1,862.80","1,877.40","1,877.40",725
614,"Oct 29, 2020","1,876.10","1,879.80","1,858.80","1,865.60","1,865.60",240
615,"Oct 28, 2020","1,870.90","1,876.20","1,870.90","1,876.20","1,876.20",277
616,"Oct 27, 2020","1,904.60","1,908.80","1,904.40","1,908.80","1,908.80",176
617,"Oct 26, 2020","1,895.50","1,907.00","1,893.50","1,902.70","1,902.70",242
618,"Oct 23, 2020","1,899.90","1,913.30","1,896.20","1,902.00","1,902.00",287
619,"Oct 22, 2020","1,924.30","1,924.30","1,898.20","1,901.10","1,901.10",899
620,"Oct 21, 2020","1,913.60","1,927.30","1,913.60","1,924.60","1,924.60","1,202"
621,"Oct 20, 2020","1,901.30","1,910.40","1,896.10","1,910.40","1,910.40",329
622,"Oct 19, 2020","1,907.30","1,907.80","1,899.50","1,906.40","1,906.40",43
623,"Oct 16, 2020","1,898.50","1,900.80","1,898.50","1,900.80","1,900.80",53
624,"Oct 15, 2020","1,897.30","1,906.30","1,889.60","1,903.20","1,903.20",254
625,"Oct 14, 2020","1,889.70","1,910.80","1,882.50","1,901.30","1,901.30",33
626,"Oct 13, 2020","1,921.90","1,922.20","1,887.00","1,888.50","1,888.50",191
627,"Oct 12, 2020","1,924.00","1,926.50","1,921.60","1,922.50","1,922.50",96
628,"Oct 09, 2020","1,909.30","1,929.10","1,905.10","1,919.50","1,919.50",580
629,"Oct 08, 2020","1,893.00","1,893.00","1,882.70","1,888.60","1,888.60",348
630,"Oct 07, 2020","1,874.10","1,889.80","1,873.10","1,883.60","1,883.60",50
631,"Oct 06, 2020","1,906.60","1,918.00","1,874.40","1,901.10","1,901.10",968
632,"Oct 05, 2020","1,898.90","1,915.60","1,884.70","1,912.50","1,912.50","1,360"
633,"Oct 02, 2020","1,893.90","1,913.00","1,893.90","1,900.20","1,900.20",530
634,"Oct 01, 2020","1,884.10","1,909.60","1,882.50","1,908.40","1,908.40",730
635,"Sep 30, 2020","1,893.00","1,899.70","1,879.80","1,887.50","1,887.50",600
636,"Sep 29, 2020","1,876.50","1,895.40","1,872.40","1,894.30","1,894.30","3,283"
637,"Sep 28, 2020","1,872.80","1,872.80","1,872.80","1,872.80","1,872.80","10,455"
638,"Sep 25, 2020","1,856.30","1,857.70","1,856.30","1,857.70","1,857.70",4
639,"Sep 24, 2020","1,851.50","1,868.30","1,851.50","1,868.30","1,868.30",365
640,"Sep 23, 2020","1,875.50","1,875.50","1,859.90","1,859.90","1,859.90",5
641,"Sep 22, 2020","1,913.10","1,913.10","1,898.60","1,898.60","1,898.60",331
642,"Sep 21, 2020","1,946.20","1,946.20","1,883.40","1,901.20","1,901.20",52
643,"Sep 18, 2020","1,950.50","1,952.10","1,949.00","1,952.10","1,952.10",38
644,"Sep 17, 2020","1,939.00","1,946.00","1,933.70","1,940.00","1,940.00",67
645,"Sep 16, 2020","1,961.30","1,961.40","1,956.70","1,960.20","1,960.20",124
646,"Sep 15, 2020","1,955.80","1,968.50","1,955.80","1,956.30","1,956.30",74
647,"Sep 14, 2020","1,946.30","1,953.10","1,943.00","1,953.10","1,953.10",55
648,"Sep 11, 2020","1,944.00","1,949.50","1,937.80","1,937.80","1,937.80",73
649,"Sep 10, 2020","1,944.10","1,962.70","1,944.10","1,954.20","1,954.20",722
650,"Sep 09, 2020","1,926.90","1,946.20","1,924.60","1,944.70","1,944.70",219
651,"Sep 08, 2020","1,930.90","1,937.90","1,903.10","1,933.00","1,933.00",271
652,"Sep 04, 2020","1,927.90","1,939.70","1,917.70","1,923.90","1,923.90",607
653,"Sep 03, 2020","1,937.10","1,938.80","1,923.00","1,927.60","1,927.60",179
654,"Sep 02, 2020","1,967.30","1,967.30","1,934.40","1,934.40","1,934.40",71
655,"Sep 01, 2020","1,961.70","1,986.30","1,961.70","1,968.20","1,968.20",186
656,"Aug 31, 2020","1,970.00","1,971.30","1,953.30","1,967.60","1,967.60",158
657,"Aug 28, 2020","1,927.10","1,971.30","1,922.50","1,964.60","1,964.60",778
658,"Aug 27, 2020","1,948.90","1,972.50","1,921.60","1,921.60","1,921.60","2,303"
659,"Aug 26, 2020","1,909.70","1,950.80","1,909.70","1,940.70","1,940.70",287
660,"Aug 25, 2020","1,927.50","1,928.50","1,911.80","1,911.80","1,911.80",176
661,"Aug 24, 2020","1,930.20","1,940.00","1,922.20","1,927.70","1,927.70",85
662,"Aug 21, 2020","1,941.00","1,945.00","1,908.90","1,934.60","1,934.60",184
663,"Aug 20, 2020","1,941.20","1,948.30","1,922.30","1,933.80","1,933.80",106
664,"Aug 19, 2020","1,980.00","1,980.00","1,938.70","1,958.70","1,958.70",347
665,"Aug 18, 2020","2,001.10","2,002.80","1,972.10","1,999.40","1,999.40",92
666,"Aug 17, 2020","1,949.60","1,985.00","1,949.60","1,985.00","1,985.00",97
667,"Aug 14, 2020","1,938.70","1,947.40","1,937.00","1,937.00","1,937.00",201
668,"Aug 13, 2020","1,921.50","1,957.40","1,916.90","1,956.70","1,956.70",71
669,"Aug 12, 2020","1,923.00","1,946.60","1,871.60","1,934.90","1,934.90",404
670,"Aug 11, 2020","2,012.40","2,016.00","1,904.00","1,932.60","1,932.60",971
671,"Aug 10, 2020","2,026.40","2,043.80","2,017.50","2,024.40","2,024.40",233
672,"Aug 07, 2020","2,040.10","2,055.00","2,009.60","2,010.10","2,010.10",808
673,"Aug 06, 2020","2,045.50","2,063.00","2,040.00","2,051.50","2,051.50",294
674,"Aug 05, 2020","2,024.00","2,050.20","2,011.00","2,031.10","2,031.10","1,422"
675,"Aug 04, 2020","1,971.00","2,016.20","1,968.80","2,001.20","2,001.20","2,010"
676,"Aug 03, 2020","1,984.30","1,984.30","1,955.50","1,966.00","1,966.00",683
677,"Jul 31, 2020","1,948.60","1,981.10","1,948.00","1,962.80","1,962.80","2,914"
678,"Jul 30, 2020","1,963.40","1,965.10","1,930.00","1,942.30","1,942.30","28,853"
679,"Jul 29, 2020","1,953.20","1,953.50","1,952.60","1,953.50","1,953.50","209,835"
680,"Jul 28, 2020","1,931.50","1,944.70","1,928.60","1,944.70","1,944.70",825
681,"Jul 27, 2020","1,901.70","1,938.00","1,901.50","1,931.00","1,931.00",364
682,"Jul 24, 2020","1,884.30","1,897.30","1,884.30","1,897.30","1,897.30",474
683,"Jul 23, 2020","1,868.70","1,890.30","1,868.50","1,889.10","1,889.10",133
684,"Jul 22, 2020","1,858.10","1,867.00","1,854.70","1,864.10","1,864.10",213
685,"Jul 21, 2020","1,822.00","1,842.40","1,822.00","1,842.40","1,842.40",117
686,"Jul 20, 2020","1,807.00","1,817.30","1,807.00","1,815.90","1,815.90",89
687,"Jul 17, 2020","1,798.50","1,810.10","1,798.50","1,808.30","1,808.30",24
688,"Jul 16, 2020","1,810.90","1,810.90","1,794.30","1,798.70","1,798.70",146
689,"Jul 15, 2020","1,806.10","1,813.50","1,806.10","1,811.40","1,811.40",167
690,"Jul 14, 2020","1,791.00","1,811.50","1,791.00","1,810.60","1,810.60",339
691,"Jul 13, 2020","1,805.00","1,811.00","1,805.00","1,811.00","1,811.00",164
692,"Jul 10, 2020","1,805.50","1,805.50","1,797.70","1,798.20","1,798.20",236
693,"Jul 09, 2020","1,816.10","1,819.80","1,799.20","1,799.20","1,799.20",396
694,"Jul 08, 2020","1,801.50","1,817.90","1,801.50","1,815.50","1,815.50",209
695,"Jul 07, 2020","1,789.30","1,804.20","1,783.30","1,804.20","1,804.20",751
696,"Jul 06, 2020","1,788.20","1,790.10","1,788.20","1,788.50","1,788.50",172
697,"Jul 02, 2020","1,773.40","1,784.00","1,768.70","1,784.00","1,784.00",215
698,"Jul 01, 2020","1,793.60","1,798.00","1,765.80","1,773.20","1,773.20",331
699,"Jun 30, 2020","1,777.30","1,793.20","1,774.40","1,793.00","1,793.00",986
700,"Jun 29, 2020","1,779.80","1,780.20","1,774.30","1,774.80","1,774.80",584
701,"Jun 26, 2020","1,766.00","1,772.50","1,764.70","1,772.50","1,772.50",640
702,"Jun 25, 2020","1,761.70","1,764.80","1,759.80","1,762.10","1,762.10",207
703,"Jun 24, 2020","1,778.30","1,783.10","1,764.50","1,765.80","1,765.80",961
704,"Jun 23, 2020","1,755.40","1,776.30","1,754.20","1,772.10","1,772.10",666
705,"Jun 22, 2020","1,755.20","1,767.60","1,750.50","1,756.70","1,756.70","1,356"
706,"Jun 19, 2020","1,723.70","1,750.70","1,723.50","1,745.90","1,745.90","1,329"
707,"Jun 18, 2020","1,730.50","1,734.10","1,717.30","1,724.80","1,724.80",110
708,"Jun 17, 2020","1,714.70","1,729.20","1,714.70","1,729.20","1,729.20",51
709,"Jun 16, 2020","1,726.30","1,729.60","1,722.40","1,729.60","1,729.60",22
710,"Jun 15, 2020","1,730.00","1,730.00","1,703.30","1,720.30","1,720.30",188
711,"Jun 12, 2020","1,724.90","1,743.00","1,724.90","1,729.30","1,729.30",318
712,"Jun 11, 2020","1,737.20","1,744.10","1,720.00","1,732.00","1,732.00",347
713,"Jun 10, 2020","1,716.10","1,740.80","1,711.90","1,713.30","1,713.30",718
714,"Jun 09, 2020","1,694.60","1,720.90","1,692.00","1,714.70","1,714.70",690
715,"Jun 08, 2020","1,679.10","1,699.40","1,675.90","1,698.30","1,698.30",587
716,"Jun 05, 2020","1,711.80","1,711.80","1,668.60","1,676.20","1,676.20","1,502"
717,"Jun 04, 2020","1,694.50","1,718.90","1,694.50","1,718.90","1,718.90",807
718,"Jun 03, 2020","1,726.30","1,726.30","1,684.50","1,697.80","1,697.80","2,755"
719,"Jun 02, 2020","1,743.00","1,745.50","1,721.80","1,725.20","1,725.20",741
720,"Jun 01, 2020","1,740.40","1,747.00","1,727.10","1,737.80","1,737.80",871
721,"May 29, 2020","1,718.80","1,738.30","1,715.10","1,736.90","1,736.90","1,526"
722,"May 28, 2020","1,709.30","1,727.80","1,705.00","1,713.30","1,713.30","23,355"
723,"May 27, 2020","1,685.60","1,710.30","1,685.60","1,710.30","1,710.30","137,416"
724,"May 26, 2020","1,726.40","1,726.40","1,704.80","1,704.80","1,704.80",39
725,"May 22, 2020","1,726.60","1,734.60","1,726.60","1,734.60","1,734.60",6
726,"May 21, 2020","1,746.80","1,746.80","1,720.50","1,720.50","1,720.50",528
727,"May 20, 2020","1,751.60","1,752.10","1,745.60","1,750.60","1,750.60",16
728,"May 19, 2020","1,744.20","1,749.50","1,744.20","1,744.20","1,744.20",167
729,"May 18, 2020","1,755.70","1,770.50","1,731.80","1,731.80","1,731.80",229
730,"May 15, 2020","1,739.70","1,753.40","1,739.70","1,753.40","1,753.40",719
731,"May 14, 2020","1,724.30","1,743.10","1,720.50","1,738.10","1,738.10",672
732,"May 13, 2020","1,702.00","1,721.30","1,701.90","1,713.90","1,713.90",431
733,"May 12, 2020","1,699.30","1,713.10","1,699.30","1,704.40","1,704.40",324
734,"May 11, 2020","1,702.30","1,704.50","1,690.20","1,695.30","1,695.30",749
735,"May 08, 2020","1,726.20","1,728.90","1,703.80","1,709.90","1,709.90",330
736,"May 07, 2020","1,686.20","1,721.80","1,685.60","1,721.80","1,721.80",853
737,"May 06, 2020","1,704.00","1,704.00","1,684.20","1,684.20","1,684.20",469
738,"May 05, 2020","1,701.50","1,704.40","1,697.20","1,704.40","1,704.40",82
739,"May 04, 2020","1,702.60","1,709.00","1,699.60","1,706.90","1,706.90",320
740,"May 01, 2020","1,686.60","1,701.50","1,670.50","1,694.50","1,694.50",337
741,"Apr 30, 2020","1,719.30","1,719.30","1,680.80","1,684.20","1,684.20",327
742,"Apr 29, 2020","1,710.00","1,713.50","1,702.00","1,703.40","1,703.40",373
743,"Apr 28, 2020","1,716.60","1,716.60","1,707.10","1,710.50","1,710.50","1,255"
744,"Apr 27, 2020","1,731.90","1,731.90","1,711.90","1,711.90","1,711.90",169
745,"Apr 24, 2020","1,744.00","1,744.00","1,714.50","1,723.50","1,723.50",221
746,"Apr 23, 2020","1,734.00","1,745.10","1,733.30","1,733.30","1,733.30",482
747,"Apr 22, 2020","1,696.00","1,728.70","1,684.80","1,728.70","1,728.70",453
748,"Apr 21, 2020","1,697.00","1,707.10","1,659.90","1,678.20","1,678.20",666
749,"Apr 20, 2020","1,686.00","1,701.60","1,680.00","1,701.60","1,701.60",106
750,"Apr 17, 2020","1,715.70","1,725.00","1,684.90","1,689.20","1,689.20",223
751,"Apr 16, 2020","1,731.00","1,750.60","1,715.00","1,720.40","1,720.40",162
752,"Apr 15, 2020","1,739.40","1,744.90","1,722.70","1,727.20","1,727.20",642
753,"Apr 14, 2020","1,756.80","1,775.00","1,739.50","1,756.70","1,756.70",675
754,"Apr 13, 2020","1,722.00","1,756.80","1,710.70","1,744.80","1,744.80",696
755,"Apr 09, 2020","1,662.70","1,736.20","1,662.70","1,736.20","1,736.20",825
756,"Apr 08, 2020","1,669.70","1,677.00","1,662.50","1,665.40","1,665.40",747
757,"Apr 07, 2020","1,695.70","1,724.40","1,658.00","1,664.80","1,664.80","1,144"
758,"Apr 06, 2020","1,629.10","1,696.70","1,625.90","1,677.00","1,677.00","1,063"
759,"Apr 03, 2020","1,624.50","1,636.00","1,619.80","1,633.70","1,633.70",643
760,"Apr 02, 2020","1,590.90","1,631.20","1,586.00","1,625.70","1,625.70","1,294"
761,"Apr 01, 2020","1,570.00","1,600.00","1,570.00","1,578.20","1,578.20","2,158"
762,"Mar 31, 2020","1,618.70","1,621.00","1,576.00","1,583.40","1,583.40","2,874"
763,"Mar 30, 2020","1,641.20","1,652.80","1,607.20","1,622.00","1,622.00","16,389"
764,"Mar 27, 2020","1,623.90","1,623.90","1,623.90","1,623.90","1,623.90","100,638"
765,"Mar 26, 2020","1,660.50","1,660.50","1,650.10","1,650.10","1,650.10",3
766,"Mar 25, 2020","1,676.50","1,676.50","1,631.10","1,632.30","1,632.30",476
767,"Mar 24, 2020","1,592.70","1,685.50","1,592.70","1,660.20","1,660.20",442
768,"Mar 23, 2020","1,505.30","1,567.00","1,490.20","1,567.00","1,567.00",51
769,"Mar 20, 2020","1,483.50","1,484.00","1,483.50","1,484.00","1,484.00",14
770,"Mar 19, 2020","1,481.50","1,491.60","1,471.00","1,478.60","1,478.60",262
771,"Mar 18, 2020","1,537.50","1,542.00","1,477.30","1,477.30","1,477.30",333
772,"Mar 17, 2020","1,469.30","1,537.70","1,469.30","1,524.90","1,524.90",122
773,"Mar 16, 2020","1,569.10","1,569.10","1,452.10","1,485.90","1,485.90",193
774,"Mar 13, 2020","1,574.90","1,589.80","1,513.80","1,515.70","1,515.70",89
775,"Mar 12, 2020","1,637.00","1,647.50","1,566.40","1,589.30","1,589.30",256
776,"Mar 11, 2020","1,656.60","1,666.50","1,635.00","1,641.40","1,641.40",47
777,"Mar 10, 2020","1,671.60","1,674.60","1,643.00","1,659.10","1,659.10",48
778,"Mar 09, 2020","1,696.10","1,701.60","1,657.70","1,674.50","1,674.50",161
779,"Mar 06, 2020","1,670.80","1,686.20","1,647.20","1,670.80","1,670.80",175
780,"Mar 05, 2020","1,637.30","1,672.90","1,637.20","1,666.40","1,666.40",154
781,"Mar 04, 2020","1,645.40","1,645.90","1,631.30","1,641.10","1,641.10",83
782,"Mar 03, 2020","1,594.50","1,645.30","1,594.00","1,642.10","1,642.10",610
783,"Mar 02, 2020","1,583.90","1,608.30","1,574.30","1,592.30","1,592.30",537
784,"Feb 28, 2020","1,640.30","1,642.50","1,564.10","1,564.10","1,564.10",289
785,"Feb 27, 2020","1,641.10","1,658.00","1,638.50","1,640.00","1,640.00",707
786,"Feb 26, 2020","1,644.00","1,648.10","1,636.40","1,640.00","1,640.00","1,990"
787,"Feb 25, 2020","1,645.10","1,653.70","1,632.30","1,646.90","1,646.90",409
788,"Feb 24, 2020","1,657.00","1,686.60","1,650.00","1,672.40","1,672.40",435
789,"Feb 21, 2020","1,619.30","1,645.00","1,619.30","1,644.60","1,644.60",186
790,"Feb 20, 2020","1,606.50","1,621.00","1,603.00","1,616.60","1,616.60",117
791,"Feb 19, 2020","1,600.60","1,610.50","1,599.70","1,607.50","1,607.50",542
792,"Feb 18, 2020","1,579.80","1,604.30","1,579.80","1,600.00","1,600.00",310
793,"Feb 14, 2020","1,575.80","1,582.70","1,574.80","1,582.70","1,582.70",68
794,"Feb 13, 2020","1,570.20","1,575.10","1,570.20","1,575.10","1,575.10",74
795,"Feb 12, 2020","1,565.20","1,568.70","1,561.00","1,567.40","1,567.40",36
796,"Feb 11, 2020","1,570.90","1,571.10","1,561.90","1,565.60","1,565.60",440
797,"Feb 10, 2020","1,569.30","1,574.70","1,568.60","1,574.70","1,574.70",128
798,"Feb 07, 2020","1,564.90","1,571.90","1,560.50","1,568.60","1,568.60",431
799,"Feb 06, 2020","1,553.60","1,565.60","1,551.60","1,565.10","1,565.10",110
800,"Feb 05, 2020","1,553.20","1,560.70","1,547.70","1,557.80","1,557.80","1,305"
801,"Feb 04, 2020","1,577.70","1,577.70","1,547.80","1,550.40","1,550.40",978
802,"Feb 03, 2020","1,592.90","1,593.30","1,568.20","1,577.20","1,577.20","1,062"
803,"Jan 31, 2020","1,573.40","1,589.00","1,570.00","1,582.90","1,582.90","1,095"
804,"Jan 30, 2020","1,576.80","1,585.00","1,571.40","1,583.50","1,583.50","62,336"
805,"Jan 29, 2020","1,569.80","1,569.80","1,569.80","1,569.80","1,569.80","251,274"
806,"Jan 28, 2020","1,576.40","1,576.40","1,569.20","1,569.20","1,569.20",3
807,"Jan 27, 2020","1,584.30","1,584.50","1,576.80","1,576.80","1,576.80",22
808,"Jan 24, 2020","1,556.30","1,571.10","1,556.30","1,571.10","1,571.10",43
809,"Jan 23, 2020","1,553.10","1,564.60","1,552.20","1,564.60","1,564.60",15
810,"Jan 22, 2020","1,549.80","1,557.10","1,549.80","1,555.30","1,555.30",42
811,"Jan 21, 2020","1,559.30","1,566.20","1,551.00","1,556.40","1,556.40",45
812,"Jan 17, 2020","1,554.10","1,558.80","1,553.60","1,558.80","1,558.80",108
813,"Jan 16, 2020","1,555.70","1,556.10","1,548.50","1,549.00","1,549.00",98
814,"Jan 15, 2020","1,548.00","1,553.90","1,545.60","1,552.10","1,552.10",11
815,"Jan 14, 2020","1,546.70","1,546.70","1,534.90","1,542.40","1,542.40",32
816,"Jan 13, 2020","1,557.40","1,558.00","1,548.40","1,548.40","1,548.40",48
817,"Jan 10, 2020","1,551.20","1,558.80","1,545.40","1,557.50","1,557.50",16
818,"Jan 09, 2020","1,555.70","1,555.70","1,543.30","1,551.70","1,551.70",54
819,"Jan 08, 2020","1,579.70","1,604.20","1,552.30","1,557.40","1,557.40",236
820,"Jan 07, 2020","1,558.30","1,576.30","1,558.30","1,571.80","1,571.80",47
821,"Jan 06, 2020","1,580.00","1,580.00","1,560.40","1,566.20","1,566.20",416
822,"Jan 03, 2020","1,530.10","1,552.70","1,530.10","1,549.20","1,549.20",107
823,"Jan 02, 2020","1,518.10","1,528.70","1,518.00","1,524.50","1,524.50",214
824,"Dec 31, 2019","1,513.80","1,523.40","1,513.80","1,519.50","1,519.50",301
825,"Dec 30, 2019","1,512.60","1,515.10","1,510.00","1,514.50","1,514.50",446
826,"Dec 27, 2019","1,513.80","1,513.80","1,513.80","1,513.80","1,513.80",839
827,"Dec 26, 2019","1,505.20","1,512.30","1,505.00","1,509.30","1,509.30",126
828,"Dec 24, 2019","1,488.70","1,499.10","1,488.70","1,499.10","1,499.10",52
829,"Dec 23, 2019","1,482.30","1,482.50","1,479.90","1,482.50","1,482.50",391
830,"Dec 20, 2019","1,476.70","1,478.10","1,474.70","1,474.70","1,474.70",118
831,"Dec 19, 2019","1,475.90","1,478.90","1,473.30","1,478.20","1,478.20",319
832,"Dec 18, 2019","1,472.60","1,472.60","1,472.60","1,472.60","1,472.60",250
833,"Dec 17, 2019","1,474.10","1,476.90","1,474.00","1,474.60","1,474.60",410
834,"Dec 16, 2019","1,473.80","1,475.30","1,473.80","1,475.00","1,475.00",99
835,"Dec 13, 2019","1,463.10","1,475.90","1,463.10","1,475.60","1,475.60",468
836,"Dec 12, 2019","1,475.10","1,483.90","1,463.70","1,466.70","1,466.70",955
837,"Dec 11, 2019","1,463.10","1,475.40","1,463.10","1,469.40","1,469.40",393
838,"Dec 10, 2019","1,460.70","1,467.20","1,460.70","1,462.60","1,462.60",367
839,"Dec 09, 2019","1,458.80","1,464.20","1,458.60","1,459.30","1,459.30","1,461"
840,"Dec 06, 2019","1,475.00","1,476.00","1,458.20","1,459.10","1,459.10",899
841,"Dec 05, 2019","1,474.70","1,478.00","1,472.30","1,476.90","1,476.90",907
842,"Dec 04, 2019","1,477.50","1,483.40","1,471.20","1,474.00","1,474.00",613
843,"Dec 03, 2019","1,461.60","1,480.40","1,459.50","1,478.20","1,478.20","1,460"
844,"Dec 02, 2019","1,462.80","1,464.40","1,453.30","1,462.30","1,462.30","2,172"
845,"Nov 29, 2019","1,453.60","1,465.60","1,452.10","1,465.60","1,465.60","7,020"
846,"Nov 27, 2019","1,461.10","1,461.90","1,452.00","1,453.40","1,453.40","88,364"
847,"Nov 26, 2019","1,459.80","1,459.80","1,459.80","1,459.80","1,459.80","346,362"
848,"Nov 25, 2019","1,457.10","1,457.10","1,455.50","1,456.60","1,456.60",14
849,"Nov 22, 2019","1,468.60","1,468.60","1,463.10","1,463.10","1,463.10",19
850,"Nov 21, 2019","1,463.10","1,463.10","1,463.10","1,463.10","1,463.10",16
851,"Nov 20, 2019","1,472.60","1,474.50","1,467.30","1,473.30","1,473.30",31
852,"Nov 19, 2019","1,467.70","1,474.30","1,467.70","1,473.30","1,473.30",18
853,"Nov 18, 2019","1,472.00","1,472.00","1,469.70","1,470.90","1,470.90",141
854,"Nov 15, 2019","1,469.10","1,469.10","1,467.30","1,467.30","1,467.30",13
855,"Nov 14, 2019","1,463.80","1,471.80","1,463.70","1,471.80","1,471.80",83
856,"Nov 13, 2019","1,456.80","1,463.30","1,456.80","1,461.70","1,461.70",56
857,"Nov 12, 2019","1,454.90","1,454.90","1,447.10","1,452.10","1,452.10",6
858,"Nov 11, 2019","1,461.00","1,461.00","1,449.30","1,455.50","1,455.50",22
859,"Nov 08, 2019","1,469.10","1,469.10","1,461.30","1,461.30","1,461.30",21
860,"Nov 07, 2019","1,489.10","1,489.10","1,464.20","1,464.20","1,464.20",581
861,"Nov 06, 2019","1,483.20","1,491.00","1,483.20","1,490.20","1,490.20",567
862,"Nov 05, 2019","1,507.10","1,507.10","1,480.80","1,480.80","1,480.80",31
863,"Nov 04, 2019","1,511.60","1,511.60","1,508.00","1,508.00","1,508.00",101
864,"Nov 01, 2019","1,511.00","1,511.60","1,503.00","1,508.00","1,508.00",235
865,"Oct 31, 2019","1,496.10","1,513.10","1,496.10","1,511.40","1,511.40",210
866,"Oct 30, 2019","1,487.20","1,495.40","1,481.00","1,493.20","1,493.20",320
867,"Oct 29, 2019","1,485.90","1,487.00","1,485.90","1,487.00","1,487.00",425
868,"Oct 28, 2019","1,504.10","1,504.10","1,490.00","1,490.00","1,490.00",37
869,"Oct 25, 2019","1,501.40","1,514.30","1,499.00","1,499.50","1,499.50",93
870,"Oct 24, 2019","1,490.50","1,501.20","1,485.90","1,498.90","1,498.90",115
871,"Oct 23, 2019","1,486.40","1,490.30","1,486.40","1,489.90","1,489.90",67
872,"Oct 22, 2019","1,483.40","1,483.50","1,481.70","1,481.70","1,481.70",99
873,"Oct 21, 2019","1,489.90","1,489.90","1,481.50","1,482.40","1,482.40",72
874,"Oct 18, 2019","1,487.30","1,489.10","1,486.60","1,488.20","1,488.20",82
875,"Oct 17, 2019","1,486.20","1,493.20","1,485.80","1,492.30","1,492.30",271
876,"Oct 16, 2019","1,482.00","1,488.00","1,480.00","1,488.00","1,488.00",383
877,"Oct 15, 2019","1,488.90","1,495.40","1,476.60","1,477.60","1,477.60",367
878,"Oct 14, 2019","1,484.40","1,493.50","1,481.30","1,491.70","1,491.70",400
879,"Oct 11, 2019","1,491.90","1,494.90","1,476.90","1,482.70","1,482.70",57
880,"Oct 10, 2019","1,511.20","1,511.20","1,490.60","1,494.80","1,494.80",78
881,"Oct 09, 2019","1,507.70","1,507.70","1,498.40","1,506.10","1,506.10",120
882,"Oct 08, 2019","1,489.40","1,506.30","1,489.30","1,497.20","1,497.20",46
883,"Oct 07, 2019","1,504.80","1,505.80","1,489.10","1,497.70","1,497.70",121
884,"Oct 04, 2019","1,505.60","1,508.70","1,497.10","1,506.20","1,506.20",233
885,"Oct 03, 2019","1,497.40","1,518.20","1,496.60","1,507.10","1,507.10","1,213"
886,"Oct 02, 2019","1,476.60","1,503.70","1,474.10","1,501.00","1,501.00",205
887,"Oct 01, 2019","1,468.70","1,485.50","1,458.30","1,482.00","1,482.00",219
888,"Sep 30, 2019","1,495.90","1,495.90","1,463.50","1,465.70","1,465.70","1,078"
889,"Sep 27, 2019","1,504.20","1,506.10","1,485.60","1,499.10","1,499.10","7,827"
890,"Sep 26, 2019","1,507.50","1,507.50","1,507.50","1,507.50","1,507.50","8,178"
891,"Sep 25, 2019","1,527.60","1,527.90","1,504.60","1,504.60","1,504.60",25
892,"Sep 24, 2019","1,515.10","1,533.00","1,515.10","1,532.10","1,532.10",25
893,"Sep 23, 2019","1,515.50","1,523.70","1,515.50","1,523.70","1,523.70",5
894,"Sep 20, 2019","1,503.00","1,507.30","1,503.00","1,507.30","1,507.30",2
895,"Sep 19, 2019","1,496.10","1,502.40","1,496.10","1,498.40","1,498.40",10
896,"Sep 18, 2019","1,508.90","1,509.40","1,489.30","1,507.50","1,507.50",8
897,"Sep 17, 2019","1,497.90","1,505.10","1,497.90","1,505.10","1,505.10",3
898,"Sep 16, 2019","1,506.60","1,506.80","1,496.90","1,503.10","1,503.10",21
899,"Sep 13, 2019","1,490.90","1,490.90","1,486.90","1,490.90","1,490.90",1
900,"Sep 12, 2019","1,499.50","1,515.40","1,498.70","1,498.70","1,498.70",27
901,"Sep 11, 2019","1,491.70","1,496.60","1,490.20","1,494.40","1,494.40",8
902,"Sep 10, 2019","1,498.50","1,498.50","1,486.90","1,490.30","1,490.30",23
903,"Sep 09, 2019","1,509.00","1,513.00","1,498.00","1,502.20","1,502.20",69
904,"Sep 06, 2019","1,517.30","1,526.00","1,504.50","1,506.20","1,506.20",54
905,"Sep 05, 2019","1,551.00","1,551.10","1,511.10","1,515.40","1,515.40",125
906,"Sep 04, 2019","1,549.00","1,553.20","1,534.80","1,550.30","1,550.30",46
907,"Sep 03, 2019","1,522.90","1,547.30","1,521.00","1,545.90","1,545.90",139
908,"Aug 30, 2019","1,524.60","1,530.40","1,516.70","1,519.10","1,519.10",276
909,"Aug 29, 2019","1,537.50","1,549.30","1,519.60","1,526.50","1,526.50",704
910,"Aug 28, 2019","1,538.10","1,538.10","1,537.80","1,537.80","1,537.80","2,756"
911,"Aug 27, 2019","1,530.50","1,542.10","1,528.50","1,541.00","1,541.00",166
912,"Aug 26, 2019","1,543.20","1,543.30","1,524.30","1,526.30","1,526.30",334
913,"Aug 23, 2019","1,493.50","1,527.60","1,493.50","1,526.60","1,526.60",983
914,"Aug 22, 2019","1,495.10","1,497.30","1,493.80","1,497.30","1,497.30",686
915,"Aug 21, 2019","1,504.90","1,505.00","1,498.80","1,504.60","1,504.60",350
916,"Aug 20, 2019","1,497.50","1,506.10","1,497.50","1,504.60","1,504.60",486
917,"Aug 19, 2019","1,507.20","1,507.60","1,492.90","1,500.40","1,500.40",205
918,"Aug 16, 2019","1,524.60","1,524.60","1,504.70","1,512.50","1,512.50","1,815"
919,"Aug 15, 2019","1,519.80","1,522.70","1,510.60","1,519.60","1,519.60",87
920,"Aug 14, 2019","1,500.00","1,520.50","1,497.00","1,515.90","1,515.90",328
921,"Aug 13, 2019","1,510.40","1,531.40","1,483.70","1,502.20","1,502.20",672
922,"Aug 12, 2019","1,496.00","1,514.90","1,488.10","1,505.30","1,505.30",257
923,"Aug 09, 2019","1,506.20","1,507.50","1,495.60","1,496.60","1,496.60",74
924,"Aug 08, 2019","1,498.40","1,508.50","1,492.00","1,497.70","1,497.70",367
925,"Aug 07, 2019","1,473.50","1,509.90","1,473.20","1,507.30","1,507.30",824
926,"Aug 06, 2019","1,469.70","1,475.00","1,457.70","1,472.40","1,472.40",460
927,"Aug 05, 2019","1,440.40","1,469.70","1,440.40","1,464.60","1,464.60","1,008"
928,"Aug 02, 2019","1,448.00","1,448.00","1,432.30","1,445.60","1,445.60","1,873"
929,"Aug 01, 2019","1,411.30","1,445.20","1,400.90","1,420.90","1,420.90","2,431"
930,"Jul 31, 2019","1,431.30","1,435.80","1,411.20","1,426.10","1,426.10","3,294"
931,"Jul 30, 2019","1,426.30","1,433.90","1,422.10","1,429.70","1,429.70","73,874"
932,"Jul 29, 2019","1,419.60","1,419.60","1,419.60","1,419.60","1,419.60","224,267"
933,"Jul 26, 2019","1,422.80","1,423.00","1,418.50","1,418.50","1,418.50",5
934,"Jul 25, 2019","1,413.90","1,413.90","1,413.90","1,413.90","1,413.90",4
935,"Jul 24, 2019","1,422.80","1,422.80","1,422.80","1,422.80","1,422.80",20
936,"Jul 23, 2019","1,418.60","1,421.30","1,416.30","1,420.10","1,420.10",5
937,"Jul 22, 2019","1,425.30","1,425.30","1,424.00","1,425.30","1,425.30",1
938,"Jul 19, 2019","1,440.50","1,442.00","1,425.10","1,425.10","1,425.10",22
939,"Jul 18, 2019","1,422.30","1,444.20","1,419.50","1,426.10","1,426.10",66
940,"Jul 17, 2019","1,404.60","1,421.30","1,404.60","1,421.30","1,421.30",6
941,"Jul 16, 2019","1,413.60","1,413.70","1,405.00","1,409.20","1,409.20",13
942,"Jul 15, 2019","1,414.40","1,415.00","1,411.40","1,411.40","1,411.40",25
943,"Jul 12, 2019","1,405.60","1,410.10","1,405.60","1,409.90","1,409.90",8
944,"Jul 11, 2019","1,424.00","1,424.00","1,404.30","1,404.30","1,404.30",6
945,"Jul 10, 2019","1,409.90","1,410.10","1,409.90","1,410.10","1,410.10",50
946,"Jul 09, 2019","1,394.50","1,397.50","1,386.20","1,397.50","1,397.50",53
947,"Jul 08, 2019","1,395.90","1,397.00","1,393.60","1,397.00","1,397.00",14
948,"Jul 05, 2019","1,418.30","1,418.30","1,390.20","1,396.70","1,396.70",20
949,"Jul 03, 2019","1,431.00","1,434.00","1,413.10","1,417.70","1,417.70",46
950,"Jul 02, 2019","1,391.10","1,418.40","1,390.80","1,404.60","1,404.60",38
951,"Jul 01, 2019","1,386.60","1,395.80","1,382.80","1,385.60","1,385.60",214
952,"Jun 28, 2019","1,408.30","1,422.00","1,408.30","1,409.70","1,409.70",356
953,"Jun 27, 2019","1,407.00","1,410.80","1,399.80","1,408.40","1,408.40",437
954,"Jun 26, 2019","1,407.20","1,413.30","1,405.80","1,411.60","1,411.60","1,333"
955,"Jun 25, 2019","1,418.10","1,433.30","1,414.90","1,414.90","1,414.90",105
956,"Jun 24, 2019","1,406.00","1,420.60","1,402.10","1,414.30","1,414.30",125
957,"Jun 21, 2019","1,406.00","1,406.00","1,390.30","1,396.20","1,396.20",35
958,"Jun 20, 2019","1,381.50","1,392.90","1,379.50","1,392.90","1,392.90",76
959,"Jun 19, 2019","1,344.00","1,344.60","1,344.00","1,344.60","1,344.60",129
960,"Jun 18, 2019","1,349.30","1,349.30","1,341.60","1,346.60","1,346.60",29
961,"Jun 17, 2019","1,339.00","1,340.30","1,335.00","1,338.70","1,338.70",76
962,"Jun 14, 2019","1,345.40","1,355.40","1,339.30","1,340.10","1,340.10",914
963,"Jun 13, 2019","1,331.60","1,341.10","1,331.60","1,339.20","1,339.20",157
964,"Jun 12, 2019","1,326.90","1,334.50","1,326.90","1,331.90","1,331.90",139
965,"Jun 11, 2019","1,328.40","1,328.40","1,319.10","1,326.40","1,326.40",201
966,"Jun 10, 2019","1,335.80","1,336.50","1,324.10","1,324.70","1,324.70",268
967,"Jun 07, 2019","1,333.10","1,347.70","1,329.80","1,341.20","1,341.20",240
968,"Jun 06, 2019","1,330.80","1,338.70","1,326.20","1,337.60","1,337.60",161
969,"Jun 05, 2019","1,328.90","1,343.30","1,326.30","1,328.30","1,328.30",622
970,"Jun 04, 2019","1,324.30","1,328.60","1,320.80","1,323.40","1,323.40",302
971,"Jun 03, 2019","1,307.00","1,327.80","1,307.00","1,322.70","1,322.70",812
972,"May 31, 2019","1,287.70","1,306.40","1,287.50","1,305.80","1,305.80","2,814"
973,"May 30, 2019","1,279.40","1,288.30","1,273.90","1,287.10","1,287.10","55,573"
974,"May 29, 2019","1,280.60","1,280.60","1,280.60","1,280.60","1,280.60","189,694"
975,"May 28, 2019","1,276.50","1,276.50","1,276.50","1,276.50","1,276.50",-
976,"May 24, 2019","1,283.00","1,283.00","1,283.00","1,283.00","1,283.00",9
977,"May 23, 2019","1,284.80","1,284.80","1,284.80","1,284.80","1,284.80",-
978,"May 22, 2019","1,273.60","1,273.60","1,273.60","1,273.60","1,273.60",-
979,"May 21, 2019","1,272.00","1,272.00","1,272.00","1,272.00","1,272.00",-
980,"May 20, 2019","1,276.10","1,276.10","1,276.10","1,276.10","1,276.10",20
981,"May 17, 2019","1,280.00","1,280.00","1,274.50","1,274.50","1,274.50",1
982,"May 16, 2019","1,285.20","1,285.40","1,285.00","1,285.00","1,285.00",3
983,"May 15, 2019","1,296.90","1,296.90","1,296.00","1,296.30","1,296.30",55
984,"May 14, 2019","1,297.80","1,297.80","1,294.70","1,294.70","1,294.70",6
985,"May 13, 2019","1,286.70","1,300.10","1,281.80","1,300.10","1,300.10",56
986,"May 10, 2019","1,285.40","1,286.50","1,283.30","1,285.70","1,285.70",6
987,"May 09, 2019","1,278.90","1,285.00","1,278.80","1,283.50","1,283.50",38
988,"May 08, 2019","1,279.40","1,279.40","1,279.40","1,279.40","1,279.40",5
989,"May 07, 2019","1,280.50","1,283.50","1,280.50","1,283.50","1,283.50",8
990,"May 06, 2019","1,282.20","1,282.20","1,280.30","1,281.70","1,281.70",12
991,"May 03, 2019","1,270.10","1,279.20","1,270.10","1,279.20","1,279.20",15
992,"May 02, 2019","1,269.20","1,270.80","1,266.60","1,269.70","1,269.70",63
993,"May 01, 2019","1,278.70","1,283.30","1,278.70","1,281.40","1,281.40",70
994,"Apr 30, 2019","1,281.70","1,283.30","1,280.80","1,282.80","1,282.80",114
995,"Apr 29, 2019","1,284.80","1,284.90","1,277.10","1,278.60","1,278.60",568
996,"Apr 26, 2019","1,284.90","1,284.90","1,284.90","1,284.90","1,284.90",804
997,"Apr 25, 2019","1,280.60","1,280.80","1,275.80","1,275.80","1,275.80",95
998,"Apr 24, 2019","1,268.40","1,275.50","1,267.80","1,275.50","1,275.50",518
999,"Apr 23, 2019","1,266.40","1,269.80","1,266.00","1,269.30","1,269.30",206
1000,"Apr 22, 2019","1,273.50","1,273.50","1,273.50","1,273.50","1,273.50",147
1001,"Apr 18, 2019","1,270.80","1,273.60","1,270.10","1,271.90","1,271.90",27
1002,"Apr 17, 2019","1,273.50","1,273.50","1,271.60","1,272.20","1,272.20",308
1003,"Apr 16, 2019","1,285.20","1,285.20","1,272.20","1,272.60","1,272.60",643
1004,"Apr 15, 2019","1,284.80","1,287.30","1,282.30","1,286.80","1,286.80",523
1005,"Apr 12, 2019","1,293.40","1,293.40","1,289.20","1,290.60","1,290.60",607
1006,"Apr 11, 2019","1,307.00","1,307.10","1,288.60","1,288.60","1,288.60",420
1007,"Apr 10, 2019","1,304.00","1,309.10","1,301.50","1,309.10","1,309.10",66
1008,"Apr 09, 2019","1,298.50","1,304.90","1,298.50","1,303.50","1,303.50",30
1009,"Apr 08, 2019","1,292.20","1,302.10","1,291.80","1,297.10","1,297.10",63
1010,"Apr 05, 2019","1,292.00","1,292.00","1,283.60","1,290.40","1,290.40",181
1011,"Apr 04, 2019","1,290.60","1,292.60","1,279.50","1,289.00","1,289.00",269
1012,"Apr 03, 2019","1,291.40","1,293.10","1,287.50","1,289.90","1,289.90",172
1013,"Apr 02, 2019","1,286.30","1,290.90","1,284.50","1,290.00","1,290.00",525
1014,"Apr 01, 2019","1,291.80","1,295.90","1,285.70","1,288.40","1,288.40",675
1015,"Mar 29, 2019","1,289.60","1,298.50","1,286.10","1,293.00","1,293.00","1,265"
1016,"Mar 28, 2019","1,308.40","1,311.10","1,287.70","1,289.80","1,289.80","87,798"
1017,"Mar 27, 2019","1,309.90","1,309.90","1,309.90","1,309.90","1,309.90","206,263"
1018,"Mar 26, 2019","1,315.60","1,315.60","1,314.30","1,314.30","1,314.30",1
1019,"Mar 25, 2019","1,320.70","1,322.90","1,320.70","1,321.90","1,321.90",19
1020,"Mar 22, 2019","1,311.60","1,311.60","1,311.60","1,311.60","1,311.60",-
1021,"Mar 21, 2019","1,306.10","1,306.10","1,306.10","1,306.10","1,306.10",-
1022,"Mar 20, 2019","1,300.70","1,300.70","1,300.50","1,300.50","1,300.50",2
1023,"Mar 19, 2019","1,306.90","1,306.90","1,304.80","1,305.00","1,305.00",20
1024,"Mar 18, 2019","1,297.30","1,302.20","1,297.30","1,300.30","1,300.30",8
1025,"Mar 15, 2019","1,300.90","1,304.70","1,300.50","1,301.80","1,301.80",26
1026,"Mar 14, 2019","1,293.40","1,293.40","1,293.40","1,293.40","1,293.40",1
1027,"Mar 13, 2019","1,307.50","1,307.50","1,307.50","1,307.50","1,307.50",-
1028,"Mar 12, 2019","1,294.70","1,296.30","1,294.70","1,296.30","1,296.30",1
1029,"Mar 11, 2019","1,291.00","1,291.00","1,288.80","1,288.80","1,288.80",9
1030,"Mar 08, 2019","1,292.10","1,297.40","1,291.60","1,297.00","1,297.00",10
1031,"Mar 07, 2019","1,281.00","1,284.60","1,281.00","1,283.80","1,283.80",11
1032,"Mar 06, 2019","1,287.10","1,287.10","1,282.60","1,284.90","1,284.90",14
1033,"Mar 05, 2019","1,287.00","1,287.00","1,282.00","1,282.00","1,282.00",114
1034,"Mar 04, 2019","1,285.50","1,287.00","1,281.90","1,284.80","1,284.80",28
1035,"Mar 01, 2019","1,312.20","1,312.20","1,288.90","1,296.40","1,296.40",110
1036,"Feb 28, 2019","1,321.10","1,323.70","1,311.50","1,312.80","1,312.80",141
1037,"Feb 27, 2019","1,327.70","1,327.90","1,316.50","1,317.70","1,317.70",604
1038,"Feb 26, 2019","1,323.30","1,325.50","1,323.30","1,325.10","1,325.10",939
1039,"Feb 25, 2019","1,329.20","1,331.60","1,325.60","1,325.90","1,325.90",185
1040,"Feb 22, 2019","1,324.20","1,331.30","1,321.00","1,329.20","1,329.20",718
1041,"Feb 21, 2019","1,331.30","1,334.90","1,320.90","1,323.50","1,323.50",414
1042,"Feb 20, 2019","1,342.20","1,344.00","1,338.00","1,343.30","1,343.30",581
1043,"Feb 19, 2019","1,320.90","1,340.10","1,320.50","1,340.10","1,340.10",390
1044,"Feb 15, 2019","1,313.60","1,318.80","1,313.60","1,318.10","1,318.10",190
1045,"Feb 14, 2019","1,305.00","1,311.80","1,301.60","1,309.80","1,309.80",858
1046,"Feb 13, 2019","1,311.60","1,316.00","1,308.10","1,310.80","1,310.80",143
1047,"Feb 12, 2019","1,310.00","1,312.00","1,307.60","1,309.20","1,309.20",109
1048,"Feb 11, 2019","1,313.40","1,313.40","1,304.70","1,307.00","1,307.00",119
1049,"Feb 08, 2019","1,309.50","1,314.00","1,307.80","1,313.70","1,313.70",122
1050,"Feb 07, 2019","1,302.90","1,310.40","1,302.20","1,309.40","1,309.40",203
1051,"Feb 06, 2019","1,312.50","1,313.50","1,305.00","1,309.50","1,309.50",358
1052,"Feb 05, 2019","1,311.10","1,315.10","1,311.00","1,314.20","1,314.20",362
1053,"Feb 04, 2019","1,318.10","1,318.10","1,308.30","1,314.30","1,314.30",675
1054,"Feb 01, 2019","1,320.30","1,320.70","1,315.40","1,316.90","1,316.90",878
1055,"Jan 31, 2019","1,320.00","1,325.40","1,316.70","1,319.70","1,319.70","1,970"
1056,"Jan 30, 2019","1,310.40","1,323.40","1,308.10","1,309.90","1,309.90","54,958"
1057,"Jan 29, 2019","1,308.20","1,308.20","1,308.20","1,308.20","1,308.20","213,607"
1058,"Jan 28, 2019","1,300.80","1,307.10","1,298.40","1,302.40","1,302.40",54
1059,"Jan 25, 2019","1,297.40","1,297.40","1,297.40","1,297.40","1,297.40",-
1060,"Jan 24, 2019","1,279.10","1,279.10","1,278.50","1,279.10","1,279.10",1
1061,"Jan 23, 2019","1,281.70","1,283.90","1,278.70","1,283.10","1,283.10",14
1062,"Jan 22, 2019","1,282.50","1,283.30","1,282.50","1,282.50","1,282.50",7
1063,"Jan 18, 2019","1,281.30","1,281.30","1,281.30","1,281.30","1,281.30",3
1064,"Jan 17, 2019","1,291.60","1,292.70","1,288.50","1,291.00","1,291.00",10
1065,"Jan 16, 2019","1,291.60","1,291.60","1,291.60","1,291.60","1,291.60",2
1066,"Jan 15, 2019","1,290.10","1,292.70","1,286.20","1,286.20","1,286.20",3
1067,"Jan 14, 2019","1,292.40","1,293.90","1,289.10","1,289.10","1,289.10",7
1068,"Jan 11, 2019","1,291.20","1,291.20","1,286.30","1,287.10","1,287.10",11
1069,"Jan 10, 2019","1,284.70","1,284.70","1,284.70","1,284.70","1,284.70",-
1070,"Jan 09, 2019","1,279.40","1,289.30","1,279.20","1,289.30","1,289.30",102
1071,"Jan 08, 2019","1,280.50","1,283.20","1,278.20","1,283.20","1,283.20",54
1072,"Jan 07, 2019","1,286.80","1,286.80","1,286.60","1,286.80","1,286.80",2
1073,"Jan 04, 2019","1,294.20","1,294.20","1,275.30","1,282.70","1,282.70",34
1074,"Jan 03, 2019","1,286.80","1,292.00","1,286.70","1,291.80","1,291.80",10
1075,"Jan 02, 2019","1,286.00","1,286.00","1,277.60","1,281.00","1,281.00",149
1076,"Dec 31, 2018","1,278.00","1,281.30","1,277.60","1,278.30","1,278.30",19
1077,"Dec 28, 2018","1,273.50","1,280.10","1,273.50","1,279.90","1,279.90",805
1078,"Dec 27, 2018","1,276.70","1,277.30","1,276.70","1,277.30","1,277.30",480
1079,"Dec 26, 2018","1,269.30","1,277.40","1,269.20","1,269.20","1,269.20",63
1080,"Dec 24, 2018","1,260.30","1,268.50","1,260.30","1,267.50","1,267.50",27
1081,"Dec 21, 2018","1,260.30","1,261.30","1,253.80","1,253.80","1,253.80",96
1082,"Dec 20, 2018","1,243.20","1,263.60","1,243.20","1,263.60","1,263.60",49
1083,"Dec 19, 2018","1,255.80","1,255.80","1,252.10","1,252.10","1,252.10",268
1084,"Dec 18, 2018","1,248.20","1,249.20","1,245.60","1,249.20","1,249.20",31
1085,"Dec 17, 2018","1,239.30","1,247.40","1,239.30","1,247.40","1,247.40",10
1086,"Dec 14, 2018","1,241.70","1,241.70","1,234.10","1,237.00","1,237.00",33
1087,"Dec 13, 2018","1,243.50","1,243.50","1,241.00","1,242.70","1,242.70",194
1088,"Dec 12, 2018","1,245.30","1,245.60","1,244.10","1,244.40","1,244.40",84
1089,"Dec 11, 2018","1,245.80","1,248.70","1,241.50","1,241.90","1,241.90",117
1090,"Dec 10, 2018","1,249.60","1,249.60","1,241.70","1,243.70","1,243.70",131
1091,"Dec 07, 2018","1,238.30","1,249.80","1,237.60","1,246.80","1,246.80",211
1092,"Dec 06, 2018","1,237.50","1,244.40","1,234.80","1,238.10","1,238.10",434
1093,"Dec 04, 2018","1,231.00","1,241.40","1,230.40","1,241.10","1,241.10",474
1094,"Dec 03, 2018","1,222.50","1,234.10","1,221.30","1,233.90","1,233.90",751
1095,"Nov 30, 2018","1,224.10","1,225.00","1,216.10","1,220.20","1,220.20","2,060"
1096,"Nov 29, 2018","1,221.00","1,228.70","1,220.50","1,224.10","1,224.10","55,478"
1097,"Nov 28, 2018","1,211.50","1,221.40","1,211.50","1,221.40","1,221.40","247,168"
1098,"Nov 27, 2018","1,221.90","1,222.00","1,211.20","1,211.20","1,211.20",5
1099,"Nov 26, 2018","1,220.20","1,222.00","1,220.20","1,220.20","1,220.20",2
1100,"Nov 23, 2018","1,224.80","1,224.80","1,221.00","1,221.00","1,221.00",1
1101,"Nov 21, 2018","1,225.80","1,225.80","1,225.80","1,225.80","1,225.80",-
1102,"Nov 20, 2018","1,225.30","1,228.80","1,219.00","1,219.00","1,219.00",12
1103,"Nov 19, 2018","1,223.10","1,223.10","1,223.10","1,223.10","1,223.10",-
1104,"Nov 16, 2018","1,216.70","1,223.80","1,216.70","1,220.80","1,220.80",5
1105,"Nov 15, 2018","1,212.80","1,212.80","1,212.80","1,212.80","1,212.80",-
1106,"Nov 14, 2018","1,207.90","1,207.90","1,207.90","1,207.90","1,207.90",-
1107,"Nov 13, 2018","1,196.30","1,201.30","1,196.30","1,199.20","1,199.20",5
1108,"Nov 12, 2018","1,201.60","1,201.60","1,201.30","1,201.30","1,201.30",1
1109,"Nov 09, 2018","1,207.90","1,207.90","1,206.40","1,206.40","1,206.40",14
1110,"Nov 08, 2018","1,222.90","1,222.90","1,222.90","1,222.90","1,222.90",2
1111,"Nov 07, 2018","1,228.60","1,228.60","1,226.20","1,226.20","1,226.20",1
1112,"Nov 06, 2018","1,230.70","1,233.80","1,223.80","1,223.80","1,223.80",4
1113,"Nov 05, 2018","1,230.60","1,231.50","1,226.70","1,229.80","1,229.80",15
1114,"Nov 02, 2018","1,233.30","1,233.30","1,230.90","1,230.90","1,230.90",18
1115,"Nov 01, 2018","1,215.40","1,236.00","1,215.40","1,236.00","1,236.00",14
1116,"Oct 31, 2018","1,216.00","1,216.60","1,212.00","1,212.30","1,212.30",121
1117,"Oct 30, 2018","1,227.70","1,227.70","1,219.80","1,222.60","1,222.60",72
1118,"Oct 29, 2018","1,224.50","1,224.50","1,224.50","1,224.50","1,224.50",214
1119,"Oct 26, 2018","1,234.30","1,234.80","1,232.50","1,232.50","1,232.50",20
1120,"Oct 25, 2018","1,238.60","1,238.60","1,229.10","1,229.10","1,229.10",7
1121,"Oct 24, 2018","1,231.60","1,231.60","1,227.80","1,227.80","1,227.80",36
1122,"Oct 23, 2018","1,224.80","1,237.80","1,224.80","1,233.40","1,233.40",33
1123,"Oct 22, 2018","1,224.50","1,224.50","1,219.60","1,221.20","1,221.20",18
1124,"Oct 19, 2018","1,225.30","1,225.30","1,225.30","1,225.30","1,225.30",55
1125,"Oct 18, 2018","1,226.50","1,226.50","1,226.50","1,226.50","1,226.50",165
1126,"Oct 17, 2018","1,225.90","1,225.90","1,223.70","1,223.70","1,223.70",1
1127,"Oct 16, 2018","1,227.10","1,230.50","1,227.10","1,227.30","1,227.30",426
1128,"Oct 15, 2018","1,222.40","1,232.30","1,222.40","1,226.40","1,226.40",136
1129,"Oct 12, 2018","1,221.60","1,221.60","1,216.00","1,218.10","1,218.10",122
1130,"Oct 11, 2018","1,198.10","1,224.60","1,196.30","1,223.50","1,223.50",126
1131,"Oct 10, 2018","1,189.30","1,192.00","1,189.30","1,189.30","1,189.30","1,078"
1132,"Oct 09, 2018","1,185.60","1,189.10","1,185.60","1,187.20","1,187.20",9
1133,"Oct 08, 2018","1,201.00","1,201.00","1,183.70","1,184.40","1,184.40",250
1134,"Oct 05, 2018","1,197.10","1,205.30","1,196.90","1,201.20","1,201.20",34
1135,"Oct 04, 2018","1,199.30","1,204.60","1,197.20","1,197.20","1,197.20",496
1136,"Oct 03, 2018","1,202.60","1,202.60","1,196.60","1,198.30","1,198.30",76
1137,"Oct 02, 2018","1,193.00","1,206.00","1,190.30","1,202.40","1,202.40",451
1138,"Oct 01, 2018","1,191.60","1,191.60","1,185.80","1,187.10","1,187.10",180
1139,"Sep 28, 2018","1,181.70","1,191.90","1,180.00","1,191.50","1,191.50",404
1140,"Sep 27, 2018","1,194.60","1,197.30","1,180.50","1,182.30","1,182.30","4,947"
1141,"Sep 26, 2018","1,194.00","1,194.00","1,194.00","1,194.00","1,194.00","17,857"
1142,"Sep 25, 2018","1,202.10","1,202.80","1,200.00","1,200.00","1,200.00",21
1143,"Sep 24, 2018","1,199.30","1,199.30","1,199.30","1,199.30","1,199.30",-
1144,"Sep 21, 2018","1,196.20","1,196.20","1,196.20","1,196.20","1,196.20",-
1145,"Sep 20, 2018","1,206.20","1,206.20","1,206.20","1,206.20","1,206.20",-
1146,"Sep 19, 2018","1,202.20","1,202.20","1,202.20","1,202.20","1,202.20",-
1147,"Sep 18, 2018","1,198.70","1,198.70","1,196.80","1,196.80","1,196.80",2
1148,"Sep 17, 2018","1,199.70","1,199.70","1,199.70","1,199.70","1,199.70",-
1149,"Sep 14, 2018","1,195.00","1,195.00","1,195.00","1,195.00","1,195.00",1
1150,"Sep 13, 2018","1,203.40","1,203.40","1,200.00","1,202.00","1,202.00",22
1151,"Sep 12, 2018","1,205.00","1,205.00","1,204.70","1,204.70","1,204.70",37
1152,"Sep 11, 2018","1,190.40","1,196.30","1,190.40","1,195.40","1,195.40",21
1153,"Sep 10, 2018","1,193.00","1,193.00","1,193.00","1,193.00","1,193.00",11
1154,"Sep 07, 2018","1,198.30","1,198.30","1,193.10","1,193.60","1,193.60",29
1155,"Sep 06, 2018","1,202.00","1,202.00","1,197.90","1,197.90","1,197.90",7
1156,"Sep 05, 2018","1,192.50","1,196.00","1,192.50","1,194.90","1,194.90",21
1157,"Sep 04, 2018","1,193.80","1,193.80","1,189.90","1,192.70","1,192.70",26
1158,"Aug 31, 2018","1,207.10","1,208.20","1,199.10","1,200.30","1,200.30",191
1159,"Aug 30, 2018","1,205.40","1,205.60","1,196.00","1,197.70","1,197.70",493
1160,"Aug 29, 2018","1,205.20","1,205.20","1,202.40","1,204.50","1,204.50",817
1161,"Aug 28, 2018","1,209.70","1,217.00","1,202.30","1,207.40","1,207.40",136
1162,"Aug 27, 2018","1,210.30","1,211.40","1,205.20","1,209.00","1,209.00",154
1163,"Aug 24, 2018","1,185.30","1,208.00","1,185.30","1,206.30","1,206.30",12
1164,"Aug 23, 2018","1,189.30","1,190.30","1,184.90","1,187.00","1,187.00",95
1165,"Aug 22, 2018","1,194.70","1,196.30","1,194.70","1,196.30","1,196.30",17
1166,"Aug 21, 2018","1,189.80","1,192.60","1,189.80","1,192.60","1,192.60",22
1167,"Aug 20, 2018","1,184.80","1,190.00","1,184.40","1,186.80","1,186.80",68
1168,"Aug 17, 2018","1,174.70","1,181.20","1,174.70","1,176.50","1,176.50",66
1169,"Aug 16, 2018","1,173.20","1,180.20","1,161.40","1,176.20","1,176.20",123
1170,"Aug 15, 2018","1,187.80","1,188.10","1,174.60","1,177.50","1,177.50",71
1171,"Aug 14, 2018","1,193.10","1,197.50","1,192.80","1,193.00","1,193.00",92
1172,"Aug 13, 2018","1,207.00","1,207.40","1,191.30","1,191.30","1,191.30",78
1173,"Aug 10, 2018","1,212.50","1,216.40","1,205.60","1,211.10","1,211.10",75
1174,"Aug 09, 2018","1,214.50","1,215.30","1,211.60","1,211.90","1,211.90",44
1175,"Aug 08, 2018","1,212.00","1,215.20","1,205.90","1,212.60","1,212.60",209
1176,"Aug 07, 2018","1,207.80","1,214.80","1,207.80","1,209.60","1,209.60",715
1177,"Aug 06, 2018","1,214.40","1,214.40","1,206.60","1,208.60","1,208.60",297
1178,"Aug 03, 2018","1,206.50","1,218.60","1,205.10","1,214.20","1,214.20",784
1179,"Aug 02, 2018","1,214.70","1,219.30","1,205.80","1,210.60","1,210.60",411
1180,"Aug 01, 2018","1,222.90","1,223.70","1,214.40","1,217.90","1,217.90","1,026"
1181,"Jul 31, 2018","1,220.40","1,228.10","1,213.00","1,223.70","1,223.70","2,722"
1182,"Jul 30, 2018","1,222.50","1,223.90","1,218.10","1,221.30","1,221.30","62,239"
1183,"Jul 27, 2018","1,222.60","1,222.60","1,222.60","1,222.60","1,222.60","254,428"
1184,"Jul 26, 2018","1,227.80","1,227.80","1,225.30","1,225.30","1,225.30",1
1185,"Jul 25, 2018","1,231.40","1,231.40","1,231.40","1,231.40","1,231.40",-
1186,"Jul 24, 2018","1,223.90","1,223.90","1,223.90","1,223.90","1,223.90",-
1187,"Jul 23, 2018","1,222.00","1,224.00","1,222.00","1,224.00","1,224.00",1
1188,"Jul 20, 2018","1,229.50","1,229.50","1,229.50","1,229.50","1,229.50",-
1189,"Jul 19, 2018","1,227.20","1,228.00","1,211.70","1,222.40","1,222.40",33
1190,"Jul 18, 2018","1,226.70","1,226.70","1,222.20","1,226.30","1,226.30",67
1191,"Jul 17, 2018","1,225.70","1,225.70","1,225.70","1,225.70","1,225.70",-
1192,"Jul 16, 2018","1,242.70","1,243.80","1,238.10","1,238.10","1,238.10",2
1193,"Jul 13, 2018","1,244.70","1,247.00","1,239.60","1,239.60","1,239.60",2
1194,"Jul 12, 2018","1,240.90","1,246.70","1,240.90","1,245.00","1,245.00",7
1195,"Jul 11, 2018","1,253.20","1,253.20","1,242.80","1,242.80","1,242.80",30
1196,"Jul 10, 2018","1,256.20","1,256.90","1,249.30","1,253.80","1,253.80",65
1197,"Jul 09, 2018","1,258.20","1,262.30","1,257.70","1,258.10","1,258.10",37
1198,"Jul 06, 2018","1,255.50","1,255.50","1,254.30","1,254.30","1,254.30",7
1199,"Jul 05, 2018","1,255.50","1,257.30","1,253.60","1,257.30","1,257.30",9
1200,"Jul 03, 2018","1,238.10","1,254.10","1,237.00","1,251.60","1,251.60",36
1201,"Jul 02, 2018","1,249.90","1,249.90","1,239.80","1,239.80","1,239.80",29
1202,"Jun 29, 2018","1,250.30","1,253.30","1,249.10","1,251.30","1,251.30",48
1203,"Jun 28, 2018","1,251.70","1,251.70","1,244.80","1,247.80","1,247.80",378
1204,"Jun 27, 2018","1,255.50","1,255.50","1,252.30","1,252.80","1,252.80","1,162"
1205,"Jun 26, 2018","1,267.20","1,267.20","1,256.60","1,256.60","1,256.60",89
1206,"Jun 25, 2018","1,270.60","1,271.20","1,265.60","1,265.60","1,265.60",37
1207,"Jun 22, 2018","1,268.10","1,270.20","1,267.00","1,267.40","1,267.40",74
1208,"Jun 21, 2018","1,262.70","1,268.90","1,260.00","1,267.20","1,267.20",46
1209,"Jun 20, 2018","1,274.40","1,274.40","1,271.20","1,271.20","1,271.20",7
1210,"Jun 19, 2018","1,278.70","1,281.80","1,269.90","1,275.60","1,275.60",34
1211,"Jun 18, 2018","1,280.70","1,280.70","1,276.20","1,276.20","1,276.20",35
1212,"Jun 15, 2018","1,297.20","1,307.70","1,274.00","1,274.60","1,274.60",589
1213,"Jun 14, 2018","1,297.20","1,307.70","1,297.20","1,304.00","1,304.00",42
1214,"Jun 13, 2018","1,294.00","1,299.40","1,290.90","1,296.90","1,296.90",135
1215,"Jun 12, 2018","1,297.80","1,298.10","1,292.70","1,295.10","1,295.10",153
1216,"Jun 11, 2018","1,299.30","1,302.00","1,295.20","1,298.90","1,298.90",71
1217,"Jun 08, 2018","1,295.30","1,299.40","1,294.80","1,298.10","1,298.10",650
1218,"Jun 07, 2018","1,298.40","1,302.80","1,296.20","1,298.70","1,298.70",79
1219,"Jun 06, 2018","1,296.10","1,300.40","1,294.10","1,297.10","1,297.10",373
1220,"Jun 05, 2018","1,292.10","1,299.80","1,289.90","1,297.50","1,297.50",357
1221,"Jun 04, 2018","1,293.90","1,297.10","1,290.00","1,293.10","1,293.10",144
1222,"Jun 01, 2018","1,298.60","1,299.50","1,288.90","1,294.80","1,294.80",663
1223,"May 31, 2018","1,301.00","1,306.80","1,296.60","1,300.10","1,300.10","4,082"
1224,"May 30, 2018","1,298.00","1,303.70","1,295.20","1,301.50","1,301.50","50,845"
1225,"May 29, 2018","1,298.70","1,298.70","1,298.70","1,298.70","1,298.70","386,334"
1226,"May 25, 2018","1,303.30","1,303.30","1,303.30","1,303.30","1,303.30",1
1227,"May 24, 2018","1,303.70","1,303.70","1,303.70","1,303.70","1,303.70",-
1228,"May 23, 2018","1,289.30","1,289.30","1,289.30","1,289.30","1,289.30",10
1229,"May 22, 2018","1,291.70","1,291.70","1,291.70","1,291.70","1,291.70",50
1230,"May 21, 2018","1,287.40","1,292.10","1,287.40","1,290.20","1,290.20",52
1231,"May 18, 2018","1,285.20","1,290.20","1,285.20","1,290.20","1,290.20",2
1232,"May 17, 2018","1,291.30","1,291.30","1,288.20","1,288.20","1,288.20",2
1233,"May 16, 2018","1,290.90","1,294.00","1,285.40","1,290.20","1,290.20",26
1234,"May 15, 2018","1,304.60","1,304.70","1,288.90","1,288.90","1,288.90",8
1235,"May 14, 2018","1,319.90","1,319.90","1,316.50","1,316.50","1,316.50",4
1236,"May 11, 2018","1,319.00","1,319.00","1,319.00","1,319.00","1,319.00",3
1237,"May 10, 2018","1,312.20","1,320.80","1,312.20","1,320.80","1,320.80",8
1238,"May 09, 2018","1,311.30","1,311.30","1,311.30","1,311.30","1,311.30",70
1239,"May 08, 2018","1,310.10","1,312.00","1,308.50","1,312.00","1,312.00",337
1240,"May 07, 2018","1,310.60","1,312.50","1,310.20","1,312.20","1,312.20",4
1241,"May 04, 2018","1,312.70","1,312.70","1,312.70","1,312.70","1,312.70",-
1242,"May 03, 2018","1,310.70","1,310.70","1,310.70","1,310.70","1,310.70",4
1243,"May 02, 2018","1,309.00","1,309.30","1,302.60","1,302.60","1,302.60",23
1244,"May 01, 2018","1,313.20","1,313.80","1,303.40","1,303.80","1,303.80",28
1245,"Apr 30, 2018","1,309.60","1,316.20","1,309.60","1,316.20","1,316.20",49
1246,"Apr 27, 2018","1,315.30","1,321.70","1,312.80","1,320.30","1,320.30",622
1247,"Apr 26, 2018","1,315.70","1,316.30","1,315.70","1,316.30","1,316.30",569
1248,"Apr 25, 2018","1,324.00","1,325.00","1,320.00","1,321.20","1,321.20",278
1249,"Apr 24, 2018","1,326.40","1,331.70","1,326.20","1,331.40","1,331.40",28
1250,"Apr 23, 2018","1,334.00","1,334.40","1,322.50","1,322.50","1,322.50",68
1251,"Apr 20, 2018","1,342.50","1,343.40","1,335.30","1,336.70","1,336.70",310
1252,"Apr 19, 2018","1,348.60","1,355.20","1,341.60","1,346.80","1,346.80",387
1253,"Apr 18, 2018","1,343.50","1,354.20","1,343.50","1,351.20","1,351.20",45
1254,"Apr 17, 2018","1,348.00","1,348.10","1,339.00","1,347.20","1,347.20",409
1255,"Apr 16, 2018","1,341.00","1,348.80","1,341.00","1,347.50","1,347.50",60
1256,"Apr 13, 2018","1,335.90","1,346.00","1,335.90","1,344.80","1,344.80",67
1257,"Apr 12, 2018","1,351.20","1,351.50","1,334.60","1,338.40","1,338.40",34
1258,"Apr 11, 2018","1,340.10","1,365.40","1,340.10","1,356.50","1,356.50",118
1259,"Apr 10, 2018","1,335.20","1,342.00","1,333.00","1,342.00","1,342.00",105
1260,"Apr 09, 2018","1,333.00","1,337.50","1,327.00","1,336.30","1,336.30",290
1261,"Apr 06, 2018","1,326.50","1,333.00","1,319.00","1,331.90","1,331.90",348
1262,"Apr 05, 2018","1,333.50","1,333.70","1,322.60","1,324.30","1,324.30",258
1263,"Apr 04, 2018","1,331.80","1,347.30","1,331.60","1,335.80","1,335.80",718
1264,"Apr 03, 2018","1,340.40","1,341.50","1,328.50","1,332.80","1,332.80",702
1265,"Apr 02, 2018","1,327.00","1,344.20","1,324.70","1,342.10","1,342.10",649
